year,constructor_id,constructor,d1_id,d1_name,d2_id,d2_name,shared_races,gap_mean,winshare_d1,era,abs_gap,lopsidedness
1966,191,Brabham-Repco,304,Denny Hulme,356,Jack Brabham,3,1.3333333333333333,0.0,pre-1980,1.3333333333333333,0.5
1970,82,Matra,280,Henri Pescarolo,306,Jean-Pierre Beltoise,7,1.7142857142857142,0.2857142857142857,pre-1980,1.7142857142857142,0.2142857142857143
1971,82,Matra,278,Chris Amon,306,Jean-Pierre Beltoise,3,-0.3333333333333333,0.6666666666666666,pre-1980,0.3333333333333333,0.16666666666666663
1973,6,Ferrari,232,Arturo Merzario,235,Jacky Ickx,3,2.0,0.3333333333333333,pre-1980,2.0,0.16666666666666669
1974,6,Ferrari,182,Niki Lauda,223,Clay Regazzoni,6,-0.8333333333333334,0.8333333333333334,pre-1980,0.8333333333333334,0.33333333333333337
1975,6,Ferrari,182,Niki Lauda,223,Clay Regazzoni,9,-2.111111111111111,0.6666666666666666,pre-1980,2.111111111111111,0.16666666666666663
1975,34,Brabham,199,Carlos Reutemann,250,Carlos Pace,5,1.0,0.6,pre-1980,1.0,0.09999999999999998
1976,1,McLaren,200,Jochen Mass,231,James Hunt,8,5.125,0.0,pre-1980,5.125,0.5
1977,32,Team Lotus,207,Mario Andretti,255,Gunnar Nilsson,5,-3.2,0.8,pre-1980,3.2,0.30000000000000004
1978,6,Ferrari,199,Carlos Reutemann,203,Gilles Villeneuve,7,0.5714285714285714,0.42857142857142855,pre-1980,0.5714285714285714,0.07142857142857145
1978,21,Arrows,119,Riccardo Patrese,243,Rolf Stommelen,3,-7.333333333333333,1.0,pre-1980,7.333333333333333,0.5
1978,25,Tyrrell,202,Didier Pironi,221,Patrick Depailler,4,5.25,0.0,pre-1980,5.25,0.5
1979,1,McLaren,175,Patrick Tambay,187,John Watson,3,1.0,0.3333333333333333,pre-1980,1.0,0.16666666666666669
1979,3,Williams,178,Alan Jones,223,Clay Regazzoni,6,-0.6666666666666666,0.8333333333333334,pre-1980,0.6666666666666666,0.33333333333333337
1979,6,Ferrari,203,Gilles Villeneuve,222,Jody Scheckter,11,1.0,0.5454545454545454,pre-1980,1.0,0.045454545454545414
1979,21,Arrows,119,Riccardo Patrese,200,Jochen Mass,4,0.5,0.5,pre-1980,0.5,0.0
1979,58,Shadow,136,Jan Lammers,173,Elio de Angelis,4,0.5,0.5,pre-1980,0.5,0.0
1980,6,Ferrari,203,Gilles Villeneuve,222,Jody Scheckter,5,-4.0,1.0,1980–1999,4.0,0.5
1980,27,Ligier,172,Jacques Laffite,202,Didier Pironi,6,3.3333333333333335,0.16666666666666666,1980–1999,3.3333333333333335,0.33333333333333337
1981,1,McLaren,110,Andrea de Cesaris,187,John Watson,4,3.0,0.25,1980–1999,3.0,0.25
1981,3,Williams,178,Alan Jones,199,Carlos Reutemann,9,1.3333333333333333,0.4444444444444444,1980–1999,1.3333333333333333,0.05555555555555558
1981,4,Renault,117,Alain Prost,163,René Arnoux,3,-5.333333333333333,1.0,1980–1999,5.333333333333333,0.5
1981,6,Ferrari,202,Didier Pironi,203,Gilles Villeneuve,4,4.75,0.25,1980–1999,4.75,0.25
1981,32,Team Lotus,95,Nigel Mansell,173,Elio de Angelis,4,1.5,0.25,1980–1999,1.5,0.25
1981,34,Brabham,137,Nelson Piquet,212,Hector Rebaque,4,-3.5,1.0,1980–1999,3.5,0.5
1981,51,Alfa Romeo,152,Bruno Giacomelli,207,Mario Andretti,6,2.1666666666666665,0.3333333333333333,1980–1999,2.1666666666666665,0.16666666666666669
1982,1,McLaren,182,Niki Lauda,187,John Watson,5,-5.2,1.0,1980–1999,5.2,0.5
1982,4,Renault,117,Alain Prost,163,René Arnoux,3,-5.0,0.6666666666666666,1980–1999,5.0,0.16666666666666663
1982,27,Ligier,158,Eddie Cheever,172,Jacques Laffite,3,-2.6666666666666665,0.6666666666666666,1980–1999,2.6666666666666665,0.16666666666666663
1982,34,Brabham,119,Riccardo Patrese,137,Nelson Piquet,3,5.0,0.0,1980–1999,5.0,0.5
1982,51,Alfa Romeo,110,Andrea de Cesaris,152,Bruno Giacomelli,3,-0.3333333333333333,0.6666666666666666,1980–1999,0.3333333333333333,0.16666666666666663
1983,1,McLaren,182,Niki Lauda,187,John Watson,4,1.25,0.5,1980–1999,1.25,0.0
1983,4,Renault,117,Alain Prost,158,Eddie Cheever,6,-2.3333333333333335,0.8333333333333334,1980–1999,2.3333333333333335,0.33333333333333337
1983,6,Ferrari,163,René Arnoux,175,Patrick Tambay,7,1.0,0.42857142857142855,1980–1999,1.0,0.07142857142857145
1983,25,Tyrrell,105,Michele Alboreto,193,Danny Sullivan,3,0.6666666666666666,0.3333333333333333,1980–1999,0.6666666666666666,0.16666666666666669
1983,34,Brabham,119,Riccardo Patrese,137,Nelson Piquet,3,-2.0,0.6666666666666666,1980–1999,2.0,0.16666666666666663
1983,53,Toleman,118,Derek Warwick,152,Bruno Giacomelli,4,-3.0,1.0,1980–1999,3.0,0.5
1984,1,McLaren,117,Alain Prost,182,Niki Lauda,7,0.2857142857142857,0.5714285714285714,1980–1999,0.2857142857142857,0.0714285714285714
1984,3,Williams,172,Jacques Laffite,177,Keke Rosberg,3,3.0,0.0,1980–1999,3.0,0.5
1984,6,Ferrari,105,Michele Alboreto,163,René Arnoux,6,-2.0,0.8333333333333334,1980–1999,2.0,0.33333333333333337
1984,21,Arrows,123,Thierry Boutsen,176,Marc Surer,3,0.3333333333333333,0.6666666666666666,1980–1999,0.3333333333333333,0.16666666666666663
1984,27,Ligier,110,Andrea de Cesaris,183,François Hesnault,3,-3.0,1.0,1980–1999,3.0,0.5
1984,32,Team Lotus,95,Nigel Mansell,173,Elio de Angelis,4,0.5,0.5,1980–1999,0.5,0.0
1985,3,Williams,95,Nigel Mansell,177,Keke Rosberg,6,-1.6666666666666667,0.8333333333333334,1980–1999,1.6666666666666667,0.33333333333333337
1985,21,Arrows,77,Gerhard Berger,123,Thierry Boutsen,6,1.8333333333333333,0.3333333333333333,1980–1999,1.8333333333333333,0.16666666666666669
1985,32,Team Lotus,102,Ayrton Senna,173,Elio de Angelis,7,0.42857142857142855,0.7142857142857143,1980–1999,0.42857142857142855,0.2142857142857143
1985,51,Alfa Romeo,119,Riccardo Patrese,158,Eddie Cheever,3,-2.6666666666666665,0.6666666666666666,1980–1999,2.6666666666666665,0.16666666666666663
1986,1,McLaren,117,Alain Prost,177,Keke Rosberg,7,-2.4285714285714284,0.8571428571428571,1980–1999,2.4285714285714284,0.3571428571428571
1986,3,Williams,95,Nigel Mansell,137,Nelson Piquet,9,-0.4444444444444444,0.5555555555555556,1980–1999,0.4444444444444444,0.05555555555555558
1986,6,Ferrari,105,Michele Alboreto,140,Stefan Johansson,4,1.25,0.5,1980–1999,1.25,0.0
1986,22,Benetton,77,Gerhard Berger,170,Teo Fabi,3,0.0,0.3333333333333333,1980–1999,0.0,0.16666666666666669
1986,25,Tyrrell,84,Martin Brundle,166,Philippe Streiff,6,-1.1666666666666667,0.8333333333333334,1980–1999,1.1666666666666667,0.33333333333333337
1986,32,Team Lotus,102,Ayrton Senna,174,Johnny Dumfries,4,-5.25,1.0,1980–1999,5.25,0.5
1987,1,McLaren,117,Alain Prost,140,Stefan Johansson,10,0.0,0.7,1980–1999,0.0,0.19999999999999996
1987,6,Ferrari,77,Gerhard Berger,105,Michele Alboreto,4,-1.75,0.75,1980–1999,1.75,0.25
1987,21,Arrows,118,Derek Warwick,158,Eddie Cheever,4,2.0,0.25,1980–1999,2.0,0.25
1987,22,Benetton,123,Thierry Boutsen,170,Teo Fabi,4,2.5,0.25,1980–1999,2.5,0.25
1987,25,Tyrrell,156,Jonathan Palmer,166,Philippe Streiff,8,-0.75,0.625,1980–1999,0.75,0.125
1987,27,Ligier,160,Piercarlo Ghinzani,163,René Arnoux,4,-0.5,0.5,1980–1999,0.5,0.0
1987,32,Team Lotus,102,Ayrton Senna,138,Satoru Nakajima,8,-5.0,1.0,1980–1999,5.0,0.5
1988,1,McLaren,102,Ayrton Senna,117,Alain Prost,12,0.3333333333333333,0.5833333333333334,1980–1999,0.3333333333333333,0.08333333333333337
1988,6,Ferrari,77,Gerhard Berger,105,Michele Alboreto,9,-3.7777777777777777,0.8888888888888888,1980–1999,3.7777777777777777,0.38888888888888884
1988,21,Arrows,118,Derek Warwick,158,Eddie Cheever,7,-1.0,0.7142857142857143,1980–1999,1.0,0.2142857142857143
1988,22,Benetton,123,Thierry Boutsen,145,Alessandro Nannini,6,-2.0,0.6666666666666666,1980–1999,2.0,0.16666666666666663
1988,32,Team Lotus,137,Nelson Piquet,138,Satoru Nakajima,6,-3.5,0.8333333333333334,1980–1999,3.5,0.33333333333333337
1988,37,March,122,Ivan Capelli,127,Maurício Gugelmin,3,-1.6666666666666667,0.6666666666666666,1980–1999,1.6666666666666667,0.16666666666666663
1989,1,McLaren,102,Ayrton Senna,117,Alain Prost,8,-0.375,0.875,1980–1999,0.375,0.375
1989,3,Williams,119,Riccardo Patrese,123,Thierry Boutsen,6,0.6666666666666666,0.3333333333333333,1980–1999,0.6666666666666666,0.16666666666666669
1989,34,Brabham,84,Martin Brundle,131,Stefano Modena,4,-0.75,0.5,1980–1999,0.75,0.0
1989,35,Dallara,110,Andrea de Cesaris,133,Alex Caffi,4,2.5,0.25,1980–1999,2.5,0.25
1990,1,McLaren,77,Gerhard Berger,102,Ayrton Senna,11,2.0,0.18181818181818182,1980–1999,2.0,0.3181818181818182
1990,3,Williams,119,Riccardo Patrese,123,Thierry Boutsen,8,2.625,0.25,1980–1999,2.625,0.25
1990,6,Ferrari,95,Nigel Mansell,117,Alain Prost,8,2.375,0.375,1980–1999,2.375,0.125
1990,27,Ligier,78,Nicola Larini,112,Philippe Alliot,9,-1.0,0.7777777777777778,1980–1999,1.0,0.2777777777777778
1990,33,Larrousse,88,Aguri Suzuki,103,Éric Bernard,3,1.3333333333333333,0.3333333333333333,1980–1999,1.3333333333333333,0.16666666666666669
1991,1,McLaren,77,Gerhard Berger,102,Ayrton Senna,9,0.5555555555555556,0.3333333333333333,1980–1999,0.5555555555555556,0.16666666666666669
1991,3,Williams,95,Nigel Mansell,119,Riccardo Patrese,7,-1.0,0.7142857142857143,1980–1999,1.0,0.2142857142857143
1991,25,Tyrrell,131,Stefano Modena,138,Satoru Nakajima,6,-2.5,1.0,1980–1999,2.5,0.5
1991,27,Ligier,100,Érik Comas,123,Thierry Boutsen,5,-1.4,0.6,1980–1999,1.4,0.09999999999999998
1991,34,Brabham,84,Martin Brundle,87,Mark Blundell,4,1.5,0.25,1980–1999,1.5,0.25
1991,35,Dallara,109,Jyrki Järvilehto,139,Emanuele Pirro,4,1.5,0.25,1980–1999,1.5,0.25
1992,1,McLaren,77,Gerhard Berger,102,Ayrton Senna,5,0.2,0.4,1980–1999,0.2,0.09999999999999998
1992,3,Williams,95,Nigel Mansell,119,Riccardo Patrese,9,-1.6666666666666667,1.0,1980–1999,1.6666666666666667,0.5
1992,22,Benetton,30,Michael Schumacher,84,Martin Brundle,7,-0.14285714285714285,0.5714285714285714,1980–1999,0.14285714285714285,0.0714285714285714
1992,27,Ligier,100,Érik Comas,123,Thierry Boutsen,5,-2.0,1.0,1980–1999,2.0,0.5
1992,29,Footwork,88,Aguri Suzuki,105,Michele Alboreto,7,1.5714285714285714,0.2857142857142857,1980–1999,1.5714285714285714,0.2142857142857143
1992,32,Team Lotus,57,Mika Häkkinen,65,Johnny Herbert,5,-2.6,0.8,1980–1999,2.6,0.30000000000000004
1992,35,Dallara,94,Pierluigi Martini,109,Jyrki Järvilehto,7,-0.5714285714285714,0.42857142857142855,1980–1999,0.5714285714285714,0.07142857142857145
1993,3,Williams,71,Damon Hill,117,Alain Prost,11,-0.5454545454545454,0.45454545454545453,1980–1999,0.5454545454545454,0.04545454545454547
1993,6,Ferrari,55,Jean Alesi,77,Gerhard Berger,3,-3.6666666666666665,0.6666666666666666,1980–1999,3.6666666666666665,0.16666666666666663
1993,22,Benetton,30,Michael Schumacher,119,Riccardo Patrese,6,-5.166666666666667,1.0,1980–1999,5.166666666666667,0.5
1993,27,Ligier,84,Martin Brundle,87,Mark Blundell,6,0.8333333333333334,0.5,1980–1999,0.8333333333333334,0.0
1993,29,Footwork,88,Aguri Suzuki,118,Derek Warwick,4,-2.5,1.0,1980–1999,2.5,0.5
1994,18,Minardi,94,Pierluigi Martini,105,Michele Alboreto,4,-0.75,0.75,1980–1999,0.75,0.25
1994,29,Footwork,81,Gianni Morbidelli,104,Christian Fittipaldi,3,-1.3333333333333333,0.3333333333333333,1980–1999,1.3333333333333333,0.16666666666666669
1995,3,Williams,14,David Coulthard,71,Damon Hill,5,0.4,0.4,1980–1999,0.4,0.09999999999999998
1995,6,Ferrari,55,Jean Alesi,77,Gerhard Berger,7,-2.5714285714285716,0.5714285714285714,1980–1999,2.5714285714285716,0.0714285714285714
1995,17,Jordan,22,Rubens Barrichello,56,Eddie Irvine,5,-0.6,0.6,1980–1999,0.6,0.09999999999999998
1995,22,Benetton,30,Michael Schumacher,65,Johnny Herbert,10,-2.3,0.9,1980–1999,2.3,0.4
1995,28,Forti,64,Pedro Diniz,90,Roberto Moreno,3,-0.3333333333333333,0.6666666666666666,1980–1999,0.3333333333333333,0.16666666666666663
1996,1,McLaren,14,David Coulthard,57,Mika Häkkinen,6,-0.3333333333333333,0.5,1980–1999,0.3333333333333333,0.0
1996,3,Williams,35,Jacques Villeneuve,71,Damon Hill,10,0.8,0.4,1980–1999,0.8,0.09999999999999998
1996,6,Ferrari,30,Michael Schumacher,56,Eddie Irvine,3,-2.6666666666666665,1.0,1980–1999,2.6666666666666665,0.5
1996,15,Sauber,49,Heinz-Harald Frentzen,65,Johnny Herbert,4,-1.25,0.75,1980–1999,1.25,0.25
1996,17,Jordan,22,Rubens Barrichello,84,Martin Brundle,6,-0.16666666666666666,0.5,1980–1999,0.16666666666666666,0.0
1996,22,Benetton,55,Jean Alesi,77,Gerhard Berger,5,-2.6,0.8,1980–1999,2.6,0.30000000000000004
1996,25,Tyrrell,63,Mika Salo,79,Ukyo Katayama,4,-2.75,1.0,1980–1999,2.75,0.5
1997,1,McLaren,14,David Coulthard,57,Mika Häkkinen,6,0.3333333333333333,0.5,1980–1999,0.3333333333333333,0.0
1997,3,Williams,35,Jacques Villeneuve,49,Heinz-Harald Frentzen,8,-2.0,0.625,1980–1999,2.0,0.125
1997,6,Ferrari,30,Michael Schumacher,56,Eddie Irvine,9,-4.666666666666667,1.0,1980–1999,4.666666666666667,0.5
1997,17,Jordan,21,Giancarlo Fisichella,23,Ralf Schumacher,5,1.6,0.4,1980–1999,1.6,0.09999999999999998
1997,21,Arrows,64,Pedro Diniz,71,Damon Hill,5,-0.6,0.6,1980–1999,0.6,0.09999999999999998
1997,25,Tyrrell,50,Jos Verstappen,63,Mika Salo,4,2.5,0.0,1980–1999,2.5,0.5
1998,1,McLaren,14,David Coulthard,57,Mika Häkkinen,10,1.2,0.1,1980–1999,1.2,0.4
1998,3,Williams,35,Jacques Villeneuve,49,Heinz-Harald Frentzen,9,-1.5555555555555556,0.5555555555555556,1980–1999,1.5555555555555556,0.05555555555555558
1998,6,Ferrari,30,Michael Schumacher,56,Eddie Irvine,11,-1.1818181818181819,0.9090909090909091,1980–1999,1.1818181818181819,0.40909090909090906
1998,15,Sauber,55,Jean Alesi,65,Johnny Herbert,6,-0.16666666666666666,0.6666666666666666,1980–1999,0.16666666666666666,0.16666666666666663
1998,17,Jordan,23,Ralf Schumacher,71,Damon Hill,6,0.0,0.5,1980–1999,0.0,0.0
1998,20,Prost,15,Jarno Trulli,44,Olivier Panis,4,-3.25,0.75,1980–1999,3.25,0.25
1998,22,Benetton,21,Giancarlo Fisichella,25,Alexander Wurz,8,0.25,0.5,1980–1999,0.25,0.0
1999,1,McLaren,14,David Coulthard,57,Mika Häkkinen,5,1.2,0.4,1980–1999,1.2,0.09999999999999998
1999,3,Williams,23,Ralf Schumacher,70,Alessandro Zanardi,3,-5.333333333333333,1.0,1980–1999,5.333333333333333,0.5
1999,17,Jordan,49,Heinz-Harald Frentzen,71,Damon Hill,5,-3.8,1.0,1980–1999,3.8,0.5
1999,20,Prost,15,Jarno Trulli,44,Olivier Panis,6,-3.0,1.0,1980–1999,3.0,0.5
1999,22,Benetton,21,Giancarlo Fisichella,25,Alexander Wurz,7,0.8571428571428571,0.5714285714285714,1980–1999,0.8571428571428571,0.0714285714285714
1999,24,Stewart,22,Rubens Barrichello,65,Johnny Herbert,6,-2.1666666666666665,0.5,1980–1999,2.1666666666666665,0.0
2000,1,McLaren,14,David Coulthard,57,Mika Häkkinen,13,0.38461538461538464,0.3076923076923077,2000–2013,0.38461538461538464,0.1923076923076923
2000,3,Williams,18,Jenson Button,23,Ralf Schumacher,8,2.25,0.25,2000–2013,2.25,0.25
2000,6,Ferrari,22,Rubens Barrichello,30,Michael Schumacher,9,1.5555555555555556,0.1111111111111111,2000–2013,1.5555555555555556,0.3888888888888889
2000,15,Sauber,63,Mika Salo,64,Pedro Diniz,7,-1.8571428571428572,1.0,2000–2013,1.8571428571428572,0.5
2000,16,BAR,35,Jacques Villeneuve,41,Ricardo Zonta,7,-2.0,0.8571428571428571,2000–2013,2.0,0.3571428571428571
2000,17,Jordan,15,Jarno Trulli,49,Heinz-Harald Frentzen,5,-0.8,0.4,2000–2013,0.8,0.09999999999999998
2000,18,Minardi,48,Marc Gené,60,Gastón Mazzacane,6,-1.0,0.8333333333333334,2000–2013,1.0,0.33333333333333337
2000,21,Arrows,37,Pedro de la Rosa,50,Jos Verstappen,3,1.6666666666666667,0.0,2000–2013,1.6666666666666667,0.5
2000,22,Benetton,21,Giancarlo Fisichella,25,Alexander Wurz,8,-1.0,0.625,2000–2013,1.0,0.125
2001,1,McLaren,14,David Coulthard,57,Mika Häkkinen,8,-1.875,0.875,2000–2013,1.875,0.375
2001,3,Williams,23,Ralf Schumacher,31,Juan Pablo Montoya,4,1.0,0.25,2000–2013,1.0,0.25
2001,6,Ferrari,22,Rubens Barrichello,30,Michael Schumacher,12,2.6666666666666665,0.08333333333333333,2000–2013,2.6666666666666665,0.4166666666666667
2001,15,Sauber,2,Nick Heidfeld,8,Kimi Räikkönen,7,0.5714285714285714,0.5714285714285714,2000–2013,0.5714285714285714,0.0714285714285714
2001,16,BAR,35,Jacques Villeneuve,44,Olivier Panis,7,-1.5714285714285714,0.7142857142857143,2000–2013,1.5714285714285714,0.2142857142857143
2001,21,Arrows,50,Jos Verstappen,59,Enrique Bernoldi,5,-1.0,0.6,2000–2013,1.0,0.09999999999999998
2001,22,Benetton,18,Jenson Button,21,Giancarlo Fisichella,8,0.75,0.125,2000–2013,0.75,0.375
2002,1,McLaren,8,Kimi Räikkönen,14,David Coulthard,4,2.25,0.5,2000–2013,2.25,0.0
2002,3,Williams,23,Ralf Schumacher,31,Juan Pablo Montoya,12,2.0833333333333335,0.3333333333333333,2000–2013,2.0833333333333335,0.16666666666666669
2002,4,Renault,15,Jarno Trulli,18,Jenson Button,6,-1.3333333333333333,0.6666666666666666,2000–2013,1.3333333333333333,0.16666666666666663
2002,6,Ferrari,22,Rubens Barrichello,30,Michael Schumacher,12,0.9166666666666666,0.3333333333333333,2000–2013,0.9166666666666666,0.16666666666666669
2002,7,Toyota,63,Mika Salo,66,Allan McNish,6,0.5,0.5,2000–2013,0.5,0.0
2002,16,BAR,35,Jacques Villeneuve,44,Olivier Panis,5,-1.0,0.6,2000–2013,1.0,0.09999999999999998
2002,17,Jordan,11,Takuma Sato,21,Giancarlo Fisichella,5,2.6,0.2,2000–2013,2.6,0.3
2002,19,Jaguar,37,Pedro de la Rosa,56,Eddie Irvine,3,2.0,0.0,2000–2013,2.0,0.5
2003,1,McLaren,8,Kimi Räikkönen,14,David Coulthard,9,-2.0,0.8888888888888888,2000–2013,2.0,0.38888888888888884
2003,4,Renault,4,Fernando Alonso,15,Jarno Trulli,7,-2.5714285714285716,0.7142857142857143,2000–2013,2.5714285714285716,0.2142857142857143
2003,6,Ferrari,22,Rubens Barrichello,30,Michael Schumacher,11,0.45454545454545453,0.36363636363636365,2000–2013,0.45454545454545453,0.13636363636363635
2003,7,Toyota,43,Cristiano da Matta,44,Olivier Panis,7,-0.14285714285714285,0.42857142857142855,2000–2013,0.14285714285714285,0.07142857142857145
2003,15,Sauber,2,Nick Heidfeld,49,Heinz-Harald Frentzen,7,0.14285714285714285,0.5714285714285714,2000–2013,0.14285714285714285,0.0714285714285714
2004,1,McLaren,8,Kimi Räikkönen,14,David Coulthard,9,-3.3333333333333335,0.7777777777777778,2000–2013,3.3333333333333335,0.2777777777777778
2004,6,Ferrari,22,Rubens Barrichello,30,Michael Schumacher,16,0.9375,0.1875,2000–2013,0.9375,0.3125
2004,15,Sauber,13,Felipe Massa,21,Giancarlo Fisichella,13,1.2307692307692308,0.23076923076923078,2000–2013,1.2307692307692308,0.2692307692307692
2004,16,BAR,11,Takuma Sato,18,Jenson Button,11,4.363636363636363,0.09090909090909091,2000–2013,4.363636363636363,0.40909090909090906
2004,18,Minardi,46,Gianmaria Bruni,47,Zsolt Baumgartner,5,-0.4,0.6,2000–2013,0.4,0.09999999999999998
2004,19,Jaguar,17,Mark Webber,32,Christian Klien,8,-3.875,1.0,2000–2013,3.875,0.5
2005,4,Renault,4,Fernando Alonso,21,Giancarlo Fisichella,13,-2.230769230769231,0.7692307692307693,2000–2013,2.230769230769231,0.2692307692307693
2005,6,Ferrari,22,Rubens Barrichello,30,Michael Schumacher,11,2.6363636363636362,0.09090909090909091,2000–2013,2.6363636363636362,0.40909090909090906
2005,15,Sauber,13,Felipe Massa,35,Jacques Villeneuve,13,-1.7692307692307692,0.7692307692307693,2000–2013,1.7692307692307692,0.2692307692307693
2005,17,Jordan,33,Tiago Monteiro,39,Narain Karthikeyan,13,-0.5384615384615384,0.5384615384615384,2000–2013,0.5384615384615384,0.038461538461538436
2006,3,Williams,3,Nico Rosberg,17,Mark Webber,4,2.75,0.0,2000–2013,2.75,0.5
2006,4,Renault,4,Fernando Alonso,21,Giancarlo Fisichella,15,-2.6666666666666665,0.8666666666666667,2000–2013,2.6666666666666665,0.3666666666666667
2006,5,Toro Rosso,24,Vitantonio Liuzzi,26,Scott Speed,10,-0.7,0.6,2000–2013,0.7,0.09999999999999998
2006,6,Ferrari,13,Felipe Massa,30,Michael Schumacher,15,1.9333333333333333,0.26666666666666666,2000–2013,1.9333333333333333,0.23333333333333334
2006,7,Toyota,15,Jarno Trulli,23,Ralf Schumacher,8,1.125,0.375,2000–2013,1.125,0.125
2006,11,Honda,18,Jenson Button,22,Rubens Barrichello,12,-2.8333333333333335,0.8333333333333334,2000–2013,2.8333333333333335,0.33333333333333337
2006,13,MF1,27,Christijan Albers,33,Tiago Monteiro,5,-0.6,0.6,2000–2013,0.6,0.09999999999999998
2007,1,McLaren,1,Lewis Hamilton,4,Fernando Alonso,15,0.13333333333333333,0.4,2000–2013,0.13333333333333333,0.09999999999999998
2007,4,Renault,5,Heikki Kovalainen,21,Giancarlo Fisichella,14,0.0,0.6428571428571429,2000–2013,0.0,0.1428571428571429
2007,6,Ferrari,8,Kimi Räikkönen,13,Felipe Massa,13,-1.6153846153846154,0.6923076923076923,2000–2013,1.6153846153846154,0.1923076923076923
2007,7,Toyota,15,Jarno Trulli,23,Ralf Schumacher,9,-1.2222222222222223,0.5555555555555556,2000–2013,1.2222222222222223,0.05555555555555558
2007,8,Super Aguri,11,Takuma Sato,19,Anthony Davidson,9,-1.4444444444444444,0.7777777777777778,2000–2013,1.4444444444444444,0.2777777777777778
2007,9,Red Bull,14,David Coulthard,17,Mark Webber,4,0.75,0.25,2000–2013,0.75,0.25
2007,11,Honda,18,Jenson Button,22,Rubens Barrichello,10,-0.9,0.4,2000–2013,0.9,0.09999999999999998
2008,1,McLaren,1,Lewis Hamilton,5,Heikki Kovalainen,14,-1.5714285714285714,0.6428571428571429,2000–2013,1.5714285714285714,0.1428571428571429
2008,2,BMW Sauber,2,Nick Heidfeld,9,Robert Kubica,16,2.1875,0.3125,2000–2013,2.1875,0.1875
2008,3,Williams,3,Nico Rosberg,6,Kazuki Nakajima,14,-2.2857142857142856,0.6428571428571429,2000–2013,2.2857142857142856,0.1428571428571429
2008,4,Renault,4,Fernando Alonso,12,Nelson Piquet Jr.,8,-2.125,0.75,2000–2013,2.125,0.25
2008,5,Toro Rosso,7,Sébastien Bourdais,20,Sebastian Vettel,10,6.2,0.0,2000–2013,6.2,0.5
2008,6,Ferrari,8,Kimi Räikkönen,13,Felipe Massa,14,0.7142857142857143,0.2857142857142857,2000–2013,0.7142857142857143,0.2142857142857143
2008,7,Toyota,10,Timo Glock,15,Jarno Trulli,12,0.4166666666666667,0.5,2000–2013,0.4166666666666667,0.0
2008,9,Red Bull,14,David Coulthard,17,Mark Webber,11,2.727272727272727,0.18181818181818182,2000–2013,2.727272727272727,0.3181818181818182
2008,10,Force India,16,Adrian Sutil,21,Giancarlo Fisichella,5,0.2,0.6,2000–2013,0.2,0.09999999999999998
2008,11,Honda,18,Jenson Button,22,Rubens Barrichello,10,-0.2,0.6,2000–2013,0.2,0.09999999999999998
2009,1,McLaren,1,Lewis Hamilton,5,Heikki Kovalainen,10,-1.8,0.7,2000–2013,1.8,0.19999999999999996
2009,2,BMW Sauber,2,Nick Heidfeld,9,Robert Kubica,12,-1.0,0.5833333333333334,2000–2013,1.0,0.08333333333333337
2009,3,Williams,3,Nico Rosberg,6,Kazuki Nakajima,13,-5.230769230769231,0.8461538461538461,2000–2013,5.230769230769231,0.34615384615384615
2009,9,Red Bull,17,Mark Webber,20,Sebastian Vettel,12,1.5,0.5,2000–2013,1.5,0.0
2009,23,Brawn,18,Jenson Button,22,Rubens Barrichello,15,-0.6666666666666666,0.7333333333333333,2000–2013,0.6666666666666666,0.23333333333333328
2010,1,McLaren,1,Lewis Hamilton,18,Jenson Button,14,-0.5714285714285714,0.7142857142857143,2000–2013,0.5714285714285714,0.2142857142857143
2010,3,Williams,22,Rubens Barrichello,807,Nico Hülkenberg,14,-1.2857142857142858,0.6428571428571429,2000–2013,1.2857142857142858,0.1428571428571429
2010,4,Renault,9,Robert Kubica,808,Vitaly Petrov,12,-5.75,1.0,2000–2013,5.75,0.5
2010,5,Toro Rosso,67,Sébastien Buemi,153,Jaime Alguersuari,12,0.3333333333333333,0.5,2000–2013,0.3333333333333333,0.0
2010,6,Ferrari,4,Fernando Alonso,13,Felipe Massa,17,-2.6470588235294117,0.7647058823529411,2000–2013,2.6470588235294117,0.2647058823529411
2010,9,Red Bull,17,Mark Webber,20,Sebastian Vettel,15,-0.06666666666666667,0.3333333333333333,2000–2013,0.06666666666666667,0.16666666666666669
2010,10,Force India,16,Adrian Sutil,24,Vitantonio Liuzzi,10,-2.2,0.6,2000–2013,2.2,0.09999999999999998
2010,131,Mercedes,3,Nico Rosberg,30,Michael Schumacher,14,-2.7857142857142856,0.8571428571428571,2000–2013,2.7857142857142856,0.3571428571428571
2010,166,Virgin,10,Timo Glock,810,Lucas di Grassi,6,-0.6666666666666666,0.6666666666666666,2000–2013,0.6666666666666666,0.16666666666666663
2010,205,Lotus,5,Heikki Kovalainen,15,Jarno Trulli,7,-1.5714285714285714,0.8571428571428571,2000–2013,1.5714285714285714,0.3571428571428571
2011,1,McLaren,1,Lewis Hamilton,18,Jenson Button,14,0.7142857142857143,0.5,2000–2013,0.7142857142857143,0.0
2011,3,Williams,22,Rubens Barrichello,813,Pastor Maldonado,12,-1.1666666666666667,0.5833333333333334,2000–2013,1.1666666666666667,0.08333333333333337
2011,5,Toro Rosso,67,Sébastien Buemi,153,Jaime Alguersuari,12,-0.6666666666666666,0.5,2000–2013,0.6666666666666666,0.0
2011,6,Ferrari,4,Fernando Alonso,13,Felipe Massa,15,-2.933333333333333,0.8666666666666667,2000–2013,2.933333333333333,0.3666666666666667
2011,9,Red Bull,17,Mark Webber,20,Sebastian Vettel,17,1.7058823529411764,0.11764705882352941,2000–2013,1.7058823529411764,0.38235294117647056
2011,10,Force India,16,Adrian Sutil,814,Paul di Resta,16,-1.125,0.625,2000–2013,1.125,0.125
2011,131,Mercedes,3,Nico Rosberg,30,Michael Schumacher,13,-1.2307692307692308,0.5384615384615384,2000–2013,1.2307692307692308,0.038461538461538436
2011,166,Virgin,10,Timo Glock,816,Jérôme d'Ambrosio,10,-0.6,0.7,2000–2013,0.6,0.19999999999999996
2012,1,McLaren,1,Lewis Hamilton,18,Jenson Button,13,-3.4615384615384617,0.6923076923076923,2000–2013,3.4615384615384617,0.1923076923076923
2012,3,Williams,811,Bruno Senna,813,Pastor Maldonado,14,-1.1428571428571428,0.5,2000–2013,1.1428571428571428,0.0
2012,5,Toro Rosso,817,Daniel Ricciardo,818,Jean-Éric Vergne,15,0.06666666666666667,0.5333333333333333,2000–2013,0.06666666666666667,0.033333333333333326
2012,6,Ferrari,4,Fernando Alonso,13,Felipe Massa,17,-5.352941176470588,1.0,2000–2013,5.352941176470588,0.5
2012,9,Red Bull,17,Mark Webber,20,Sebastian Vettel,17,1.6470588235294117,0.35294117647058826,2000–2013,1.6470588235294117,0.14705882352941174
2012,10,Force India,807,Nico Hülkenberg,814,Paul di Resta,17,-0.8823529411764706,0.5882352941176471,2000–2013,0.8823529411764706,0.08823529411764708
2012,15,Sauber,155,Kamui Kobayashi,815,Sergio Pérez,10,1.1,0.4,2000–2013,1.1,0.09999999999999998
2012,131,Mercedes,3,Nico Rosberg,30,Michael Schumacher,10,1.1,0.3,2000–2013,1.1,0.2
2012,164,HRT,37,Pedro de la Rosa,39,Narain Karthikeyan,9,-0.8888888888888888,0.8888888888888888,2000–2013,0.8888888888888888,0.38888888888888884
2012,206,Marussia,10,Timo Glock,819,Charles Pic,14,-0.21428571428571427,0.5714285714285714,2000–2013,0.21428571428571427,0.0714285714285714
2012,207,Caterham,5,Heikki Kovalainen,808,Vitaly Petrov,17,0.4117647058823529,0.4117647058823529,2000–2013,0.4117647058823529,0.08823529411764708
2013,1,McLaren,18,Jenson Button,815,Sergio Pérez,19,-1.0526315789473684,0.6842105263157895,2000–2013,1.0526315789473684,0.1842105263157895
2013,3,Williams,813,Pastor Maldonado,822,Valtteri Bottas,14,-0.2857142857142857,0.6428571428571429,2000–2013,0.2857142857142857,0.1428571428571429
2013,5,Toro Rosso,817,Daniel Ricciardo,818,Jean-Éric Vergne,12,-0.5833333333333334,0.5833333333333334,2000–2013,0.5833333333333334,0.08333333333333337
2013,6,Ferrari,4,Fernando Alonso,13,Felipe Massa,16,-3.5,0.9375,2000–2013,3.5,0.4375
2013,9,Red Bull,17,Mark Webber,20,Sebastian Vettel,15,3.1333333333333333,0.0,2000–2013,3.1333333333333333,0.5
2013,10,Force India,16,Adrian Sutil,814,Paul di Resta,12,1.0833333333333333,0.3333333333333333,2000–2013,1.0833333333333333,0.16666666666666669
2013,15,Sauber,807,Nico Hülkenberg,821,Esteban Gutiérrez,15,-2.8666666666666667,0.8,2000–2013,2.8666666666666667,0.30000000000000004
2013,131,Mercedes,1,Lewis Hamilton,3,Nico Rosberg,16,-0.5625,0.5,2000–2013,0.5625,0.0
2013,206,Marussia,820,Max Chilton,824,Jules Bianchi,16,1.25,0.125,2000–2013,1.25,0.375
2013,207,Caterham,819,Charles Pic,823,Giedo van der Garde,13,-1.0,0.6923076923076923,2000–2013,1.0,0.1923076923076923
2014,1,McLaren,18,Jenson Button,825,Kevin Magnussen,17,-2.411764705882353,0.8235294117647058,2014–present,2.411764705882353,0.32352941176470584
2014,3,Williams,13,Felipe Massa,822,Valtteri Bottas,15,1.3333333333333333,0.5333333333333333,2014–present,1.3333333333333333,0.033333333333333326
2014,5,Toro Rosso,818,Jean-Éric Vergne,826,Daniil Kvyat,11,-1.1818181818181819,0.5454545454545454,2014–present,1.1818181818181819,0.045454545454545414
2014,6,Ferrari,4,Fernando Alonso,8,Kimi Räikkönen,16,-3.625,0.9375,2014–present,3.625,0.4375
2014,9,Red Bull,20,Sebastian Vettel,817,Daniel Ricciardo,14,1.7142857142857142,0.21428571428571427,2014–present,1.7142857142857142,0.2857142857142857
2014,10,Force India,807,Nico Hülkenberg,815,Sergio Pérez,15,-0.8,0.5333333333333333,2014–present,0.8,0.033333333333333326
2014,15,Sauber,16,Adrian Sutil,821,Esteban Gutiérrez,10,0.0,0.5,2014–present,0.0,0.0
2014,131,Mercedes,1,Lewis Hamilton,3,Nico Rosberg,14,-1.2142857142857142,0.7142857142857143,2014–present,1.2142857142857142,0.2142857142857143
2014,206,Marussia,820,Max Chilton,824,Jules Bianchi,11,0.8181818181818182,0.2727272727272727,2014–present,0.8181818181818182,0.2272727272727273
2014,208,Lotus F1,154,Romain Grosjean,813,Pastor Maldonado,10,-0.4,0.5,2014–present,0.4,0.0
2015,3,Williams,13,Felipe Massa,822,Valtteri Bottas,15,0.4,0.5333333333333333,2014–present,0.4,0.033333333333333326
2015,5,Toro Rosso,830,Max Verstappen,832,Carlos Sainz,10,0.5,0.5,2014–present,0.5,0.0
2015,6,Ferrari,8,Kimi Räikkönen,20,Sebastian Vettel,14,1.2857142857142858,0.2857142857142857,2014–present,1.2857142857142858,0.2142857142857143
2015,9,Red Bull,817,Daniel Ricciardo,826,Daniil Kvyat,14,0.42857142857142855,0.42857142857142855,2014–present,0.42857142857142855,0.07142857142857145
2015,10,Force India,807,Nico Hülkenberg,815,Sergio Pérez,13,-0.6923076923076923,0.5384615384615384,2014–present,0.6923076923076923,0.038461538461538436
2015,15,Sauber,828,Marcus Ericsson,831,Felipe Nasr,13,0.7692307692307693,0.38461538461538464,2014–present,0.7692307692307693,0.11538461538461536
2015,131,Mercedes,1,Lewis Hamilton,3,Nico Rosberg,17,-1.2352941176470589,0.6470588235294118,2014–present,1.2352941176470589,0.1470588235294118
2015,208,Lotus F1,154,Romain Grosjean,813,Pastor Maldonado,7,-2.142857142857143,0.7142857142857143,2014–present,2.142857142857143,0.2142857142857143
2016,3,Williams,13,Felipe Massa,822,Valtteri Bottas,16,1.1875,0.4375,2014–present,1.1875,0.0625
2016,4,Renault,825,Kevin Magnussen,835,Jolyon Palmer,12,-0.75,0.5,2014–present,0.75,0.0
2016,6,Ferrari,8,Kimi Räikkönen,20,Sebastian Vettel,13,1.1538461538461537,0.23076923076923078,2014–present,1.1538461538461537,0.2692307692307692
2016,10,Force India,807,Nico Hülkenberg,815,Sergio Pérez,17,0.35294117647058826,0.47058823529411764,2014–present,0.35294117647058826,0.02941176470588236
2016,15,Sauber,828,Marcus Ericsson,831,Felipe Nasr,13,-0.7692307692307693,0.6923076923076923,2014–present,0.7692307692307693,0.1923076923076923
2016,131,Mercedes,1,Lewis Hamilton,3,Nico Rosberg,19,-0.10526315789473684,0.5263157894736842,2014–present,0.10526315789473684,0.02631578947368418
2016,210,Haas F1 Team,154,Romain Grosjean,821,Esteban Gutiérrez,13,-1.1538461538461537,0.46153846153846156,2014–present,1.1538461538461537,0.038461538461538436
2017,6,Ferrari,8,Kimi Räikkönen,20,Sebastian Vettel,16,1.9375,0.125,2014–present,1.9375,0.375
2017,9,Red Bull,817,Daniel Ricciardo,830,Max Verstappen,7,-0.2857142857142857,0.2857142857142857,2014–present,0.2857142857142857,0.2142857142857143
2017,10,Force India,815,Sergio Pérez,839,Esteban Ocon,18,-0.2222222222222222,0.6111111111111112,2014–present,0.2222222222222222,0.11111111111111116
2017,131,Mercedes,1,Lewis Hamilton,822,Valtteri Bottas,19,-0.15789473684210525,0.5789473684210527,2014–present,0.15789473684210525,0.07894736842105265
2017,210,Haas F1 Team,154,Romain Grosjean,825,Kevin Magnussen,13,0.23076923076923078,0.46153846153846156,2014–present,0.23076923076923078,0.038461538461538436
2018,1,McLaren,4,Fernando Alonso,838,Stoffel Vandoorne,13,-1.8461538461538463,0.7692307692307693,2014–present,1.8461538461538463,0.2692307692307693
2018,3,Williams,840,Lance Stroll,845,Sergey Sirotkin,17,-0.5294117647058824,0.5294117647058824,2014–present,0.5294117647058824,0.02941176470588236
2018,4,Renault,807,Nico Hülkenberg,832,Carlos Sainz,12,-1.3333333333333333,0.6666666666666666,2014–present,1.3333333333333333,0.16666666666666663
2018,5,Toro Rosso,842,Pierre Gasly,843,Brendon Hartley,11,-2.1818181818181817,0.6363636363636364,2014–present,2.1818181818181817,0.13636363636363635
2018,6,Ferrari,8,Kimi Räikkönen,20,Sebastian Vettel,16,-0.1875,0.5,2014–present,0.1875,0.0
2018,9,Red Bull,817,Daniel Ricciardo,830,Max Verstappen,11,0.0,0.2727272727272727,2014–present,0.0,0.2272727272727273
2018,10,Force India,815,Sergio Pérez,839,Esteban Ocon,14,1.0714285714285714,0.35714285714285715,2014–present,1.0714285714285714,0.14285714285714285
2018,15,Sauber,828,Marcus Ericsson,844,Charles Leclerc,12,1.5833333333333333,0.25,2014–present,1.5833333333333333,0.25
2018,131,Mercedes,1,Lewis Hamilton,822,Valtteri Bottas,19,-1.894736842105263,0.8421052631578947,2014–present,1.894736842105263,0.3421052631578947
2018,210,Haas F1 Team,154,Romain Grosjean,825,Kevin Magnussen,14,1.1428571428571428,0.5,2014–present,1.1428571428571428,0.0
2019,1,McLaren,832,Carlos Sainz,846,Lando Norris,13,-1.9230769230769231,0.6923076923076923,2014–present,1.9230769230769231,0.1923076923076923
2019,3,Williams,9,Robert Kubica,847,George Russell,18,1.5555555555555556,0.1111111111111111,2014–present,1.5555555555555556,0.3888888888888889
2019,4,Renault,807,Nico Hülkenberg,817,Daniel Ricciardo,14,0.7142857142857143,0.2857142857142857,2014–present,0.7142857142857143,0.2142857142857143
2019,6,Ferrari,20,Sebastian Vettel,844,Charles Leclerc,17,1.1764705882352942,0.5882352941176471,2014–present,1.1764705882352942,0.08823529411764708
2019,51,Alfa Romeo,8,Kimi Räikkönen,841,Antonio Giovinazzi,18,-2.7777777777777777,0.8888888888888888,2014–present,2.7777777777777777,0.38888888888888884
2019,131,Mercedes,1,Lewis Hamilton,822,Valtteri Bottas,19,-0.8947368421052632,0.6842105263157895,2014–present,0.8947368421052632,0.1842105263157895
2019,210,Haas F1 Team,154,Romain Grosjean,825,Kevin Magnussen,14,-0.8571428571428571,0.5714285714285714,2014–present,0.8571428571428571,0.0714285714285714
2019,211,Racing Point,815,Sergio Pérez,840,Lance Stroll,17,-2.7058823529411766,0.8235294117647058,2014–present,2.7058823529411766,0.32352941176470584
2020,1,McLaren,832,Carlos Sainz,846,Lando Norris,13,-0.5384615384615384,0.5384615384615384,2014–present,0.5384615384615384,0.038461538461538436
2020,4,Renault,817,Daniel Ricciardo,839,Esteban Ocon,12,-0.8333333333333334,0.75,2014–present,0.8333333333333334,0.25
2020,6,Ferrari,20,Sebastian Vettel,844,Charles Leclerc,13,3.5384615384615383,0.23076923076923078,2014–present,3.5384615384615383,0.2692307692307692
2020,9,Red Bull,830,Max Verstappen,848,Alexander Albon,11,-4.090909090909091,1.0,2014–present,4.090909090909091,0.5
2020,51,Alfa Romeo,8,Kimi Räikkönen,841,Antonio Giovinazzi,13,-1.0,0.6923076923076923,2014–present,1.0,0.1923076923076923
2020,213,AlphaTauri,826,Daniil Kvyat,842,Pierre Gasly,13,2.923076923076923,0.38461538461538464,2014–present,2.923076923076923,0.11538461538461536
2021,1,McLaren,817,Daniel Ricciardo,846,Lando Norris,20,1.5,0.3,2014–present,1.5,0.2
2021,3,Williams,847,George Russell,849,Nicholas Latifi,16,-2.8125,0.875,2014–present,2.8125,0.375
2021,6,Ferrari,832,Carlos Sainz,844,Charles Leclerc,20,0.3,0.3,2014–present,0.3,0.2
2021,9,Red Bull,815,Sergio Pérez,830,Max Verstappen,17,5.0588235294117645,0.0,2014–present,5.0588235294117645,0.5
2021,117,Aston Martin,20,Sebastian Vettel,840,Lance Stroll,17,0.6470588235294118,0.4117647058823529,2014–present,0.6470588235294118,0.08823529411764708
2021,131,Mercedes,1,Lewis Hamilton,822,Valtteri Bottas,17,-2.411764705882353,0.8235294117647058,2014–present,2.411764705882353,0.32352941176470584
2021,210,Haas F1 Team,853,Nikita Mazepin,854,Mick Schumacher,14,0.7857142857142857,0.21428571428571427,2014–present,0.7857142857142857,0.2857142857142857
2021,213,AlphaTauri,842,Pierre Gasly,852,Yuki Tsunoda,16,-3.9375,0.8125,2014–present,3.9375,0.3125
2021,214,Alpine F1 Team,4,Fernando Alonso,839,Esteban Ocon,18,0.2222222222222222,0.5,2014–present,0.2222222222222222,0.0
2022,1,McLaren,817,Daniel Ricciardo,846,Lando Norris,18,3.6666666666666665,0.2222222222222222,2014–present,3.6666666666666665,0.2777777777777778
2022,6,Ferrari,832,Carlos Sainz,844,Charles Leclerc,14,-0.14285714285714285,0.5,2014–present,0.14285714285714285,0.0
2022,9,Red Bull,815,Sergio Pérez,830,Max Verstappen,19,1.105263157894737,0.21052631578947367,2014–present,1.105263157894737,0.2894736842105263
2022,51,Alfa Romeo,822,Valtteri Bottas,855,Guanyu Zhou,13,-1.8461538461538463,0.7692307692307693,2014–present,1.8461538461538463,0.2692307692307693
2022,131,Mercedes,1,Lewis Hamilton,847,George Russell,20,1.1,0.45,2014–present,1.1,0.04999999999999999
2022,210,Haas F1 Team,825,Kevin Magnussen,854,Mick Schumacher,16,-0.375,0.375,2014–present,0.375,0.125
2022,213,AlphaTauri,842,Pierre Gasly,852,Yuki Tsunoda,13,-1.6153846153846154,0.6153846153846154,2014–present,1.6153846153846154,0.11538461538461542
2022,214,Alpine F1 Team,4,Fernando Alonso,839,Esteban Ocon,16,1.0,0.5,2014–present,1.0,0.0
2023,1,McLaren,846,Lando Norris,857,Oscar Piastri,18,-2.388888888888889,0.7777777777777778,2014–present,2.388888888888889,0.2777777777777778
2023,3,Williams,848,Alexander Albon,858,Logan Sargeant,14,-3.642857142857143,1.0,2014–present,3.642857142857143,0.5
2023,6,Ferrari,832,Carlos Sainz,844,Charles Leclerc,15,1.4,0.3333333333333333,2014–present,1.4,0.16666666666666669
2023,9,Red Bull,815,Sergio Pérez,830,Max Verstappen,20,3.2,0.1,2014–present,3.2,0.4
2023,51,Alfa Romeo,822,Valtteri Bottas,855,Guanyu Zhou,17,-0.47058823529411764,0.5882352941176471,2014–present,0.47058823529411764,0.08823529411764708
2023,117,Aston Martin,4,Fernando Alonso,840,Lance Stroll,16,-3.75,0.875,2014–present,3.75,0.375
2023,131,Mercedes,1,Lewis Hamilton,847,George Russell,17,-1.8823529411764706,0.7058823529411765,2014–present,1.8823529411764706,0.20588235294117652
2023,210,Haas F1 Team,807,Nico Hülkenberg,825,Kevin Magnussen,17,-0.29411764705882354,0.5294117647058824,2014–present,0.29411764705882354,0.02941176470588236
2023,214,Alpine F1 Team,839,Esteban Ocon,842,Pierre Gasly,16,-0.75,0.625,2014–present,0.75,0.125
2024,1,McLaren,846,Lando Norris,857,Oscar Piastri,24,-0.8333333333333334,0.6666666666666666,2014–present,0.8333333333333334,0.16666666666666663
2024,9,Red Bull,815,Sergio Pérez,830,Max Verstappen,19,5.2105263157894735,0.0,2014–present,5.2105263157894735,0.5
2024,15,Sauber,822,Valtteri Bottas,855,Guanyu Zhou,20,0.25,0.6,2014–present,0.25,0.09999999999999998
2024,117,Aston Martin,4,Fernando Alonso,840,Lance Stroll,20,-2.7,0.75,2014–present,2.7,0.25
2024,131,Mercedes,1,Lewis Hamilton,847,George Russell,20,1.35,0.35,2014–present,1.35,0.15000000000000002
