driverId,year,mean_finish,std_finish,n_finishes,driver,era
1,2007,3.0,2.280350850198276,16,Lewis Hamilton,2000–2013
1,2008,4.411764705882353,3.9220342860786506,17,Lewis Hamilton,2000–2013
1,2009,7.642857142857143,5.719160009021536,14,Lewis Hamilton,2000–2013
1,2010,3.75,3.2352228156135814,16,Lewis Hamilton,2000–2013
1,2011,3.75,2.1447610589527217,16,Lewis Hamilton,2000–2013
1,2012,5.333333333333333,4.8057505236162745,15,Lewis Hamilton,2000–2013
1,2013,5.166666666666667,2.6623739959137307,18,Lewis Hamilton,2000–2013
1,2014,1.4375,0.7274384280931732,16,Lewis Hamilton,2014–present
1,2015,1.7222222222222223,1.2274102605536663,18,Lewis Hamilton,2014–present
1,2016,2.1052631578947367,1.6294081011931656,19,Lewis Hamilton,2014–present
1,2017,2.7,2.2734161635370636,20,Lewis Hamilton,2014–present
1,2018,1.95,1.2763022245616642,20,Lewis Hamilton,2014–present
1,2019,2.380952380952381,2.2017309208027775,21,Lewis Hamilton,2014–present
1,2020,1.875,1.6683325008322931,16,Lewis Hamilton,2014–present
1,2021,2.761904761904762,3.1922525261132138,21,Lewis Hamilton,2014–present
1,2022,5.380952380952381,4.1530252885841,21,Lewis Hamilton,2014–present
1,2023,4.9,2.100125309544522,20,Lewis Hamilton,2014–present
1,2024,5.863636363636363,3.0440489099608388,22,Lewis Hamilton,2014–present
2,2000,11.0,2.9664793948382653,6,Nick Heidfeld,2000–2013
2,2001,6.636363636363637,2.292279532375023,11,Nick Heidfeld,2000–2013
2,2002,7.857142857142857,2.2483204964917824,14,Nick Heidfeld,2000–2013
2,2003,9.916666666666666,2.937479851639476,12,Nick Heidfeld,2000–2013
2,2004,12.181818181818182,2.9263691434329275,11,Nick Heidfeld,2000–2013
2,2005,7.333333333333333,4.55521678957215,9,Nick Heidfeld,2000–2013
2,2006,8.866666666666667,3.7391111752597546,15,Nick Heidfeld,2000–2013
2,2007,5.333333333333333,2.742956347412318,15,Nick Heidfeld,2000–2013
2,2008,6.5,3.7768645570569435,18,Nick Heidfeld,2000–2013
2,2009,9.466666666666667,4.290632099064637,15,Nick Heidfeld,2000–2013
2,2011,8.5,2.9277002188455996,8,Nick Heidfeld,2000–2013
3,2006,9.88888888888889,2.204792759220492,9,Nico Rosberg,2000–2013
3,2007,9.142857142857142,3.73871929650007,14,Nico Rosberg,2000–2013
3,2008,10.375,4.014556845614054,16,Nico Rosberg,2000–2013
3,2009,7.75,3.6423435679060625,16,Nico Rosberg,2000–2013
3,2010,5.875,2.6551836094703507,16,Nico Rosberg,2000–2013
3,2011,7.647058823529412,2.1777619380509727,17,Nico Rosberg,2000–2013
3,2012,8.764705882352942,4.279740234008162,17,Nico Rosberg,2000–2013
3,2013,6.0,4.257346591481601,17,Nico Rosberg,2000–2013
3,2014,2.5294117647058822,3.0437979371753543,17,Nico Rosberg,2014–present
3,2015,3.0555555555555554,3.8573416969877403,18,Nico Rosberg,2014–present
3,2016,2.25,1.6503588126605424,20,Nico Rosberg,2014–present
4,2001,13.222222222222221,2.2236106773543893,9,Fernando Alonso,2000–2013
4,2003,4.2727272727272725,2.1019471492361124,11,Fernando Alonso,2000–2013
4,2004,4.615384615384615,2.103111248383433,13,Fernando Alonso,2000–2013
4,2005,2.411764705882353,2.3994484660389084,17,Fernando Alonso,2000–2013
4,2006,1.9375,1.2893796958227628,16,Fernando Alonso,2000–2013
4,2007,2.9375,1.9482898483884101,16,Fernando Alonso,2000–2013
4,2008,5.533333333333333,3.2484428504101697,15,Fernando Alonso,2000–2013
4,2009,8.142857142857142,3.3708511332655084,14,Fernando Alonso,2000–2013
4,2010,4.555555555555555,4.032547322536554,18,Fernando Alonso,2000–2013
4,2011,3.4444444444444446,1.5801050680710418,18,Fernando Alonso,2000–2013
4,2012,3.2777777777777777,2.164025539578429,18,Fernando Alonso,2000–2013
4,2013,4.055555555555555,2.6672793413827733,18,Fernando Alonso,2000–2013
4,2014,5.411764705882353,1.8727928185403935,17,Fernando Alonso,2014–present
4,2015,12.181818181818182,3.5726231768318866,11,Fernando Alonso,2014–present
4,2016,10.176470588235293,3.9088888145745306,17,Fernando Alonso,2014–present
4,2017,11.181818181818182,3.3709993123162105,11,Fernando Alonso,2014–present
4,2018,10.2,4.05674042269688,15,Fernando Alonso,2014–present
4,2021,9.05,3.605186322654161,20,Fernando Alonso,2014–present
4,2022,8.647058823529411,3.9519168840985928,17,Fernando Alonso,2014–present
4,2023,5.6,3.330876287421264,20,Fernando Alonso,2014–present
4,2024,9.826086956521738,3.613763763384293,23,Fernando Alonso,2014–present
5,2007,7.875,3.138470965295043,16,Heikki Kovalainen,2000–2013
5,2008,6.0,3.2071349029490928,15,Heikki Kovalainen,2000–2013
5,2009,8.166666666666666,3.214550253664319,12,Heikki Kovalainen,2000–2013
5,2010,15.307692307692308,1.9741924671712983,13,Heikki Kovalainen,2000–2013
5,2011,15.857142857142858,1.8752289237539816,14,Heikki Kovalainen,2000–2013
5,2012,16.473684210526315,2.4351231101124036,19,Heikki Kovalainen,2000–2013
6,2008,12.125,3.721558813185679,16,Kazuki Nakajima,2000–2013
6,2009,12.461538461538462,2.5369070609498956,13,Kazuki Nakajima,2000–2013
7,2008,12.642857142857142,3.5649391591991035,14,Sébastien Bourdais,2000–2013
7,2009,11.333333333333334,3.777124126457412,6,Sébastien Bourdais,2000–2013
8,2001,6.8,2.14993539954628,10,Kimi Räikkönen,2000–2013
8,2002,4.428571428571429,3.4086724129853865,7,Kimi Räikkönen,2000–2013
8,2003,2.6923076923076925,1.315587028960544,13,Kimi Räikkönen,2000–2013
8,2004,5.1,3.142893217686178,10,Kimi Räikkönen,2000–2013
8,2005,3.1875,3.229422032913423,16,Kimi Räikkönen,2000–2013
8,2006,3.75,1.2154310870109941,12,Kimi Räikkönen,2000–2013
8,2007,2.6,1.9566735620873064,15,Kimi Räikkönen,2000–2013
8,2008,5.625,5.004997502496879,16,Kimi Räikkönen,2000–2013
8,2009,7.066666666666666,4.47958331395529,15,Kimi Räikkönen,2000–2013
8,2012,5.45,3.1867323637065503,20,Kimi Räikkönen,2000–2013
8,2013,4.666666666666667,3.3523268393901033,15,Kimi Räikkönen,2000–2013
8,2014,9.166666666666666,2.4070973488953085,18,Kimi Räikkönen,2014–present
8,2015,4.785714285714286,1.847183778644646,14,Kimi Räikkönen,2014–present
8,2016,4.705882352941177,1.7594283831102981,17,Kimi Räikkönen,2014–present
8,2017,4.470588235294118,2.7640017876898964,17,Kimi Räikkönen,2014–present
8,2018,3.235294117647059,1.251469724199605,17,Kimi Räikkönen,2014–present
8,2019,10.894736842105264,3.6193114268709126,19,Kimi Räikkönen,2014–present
8,2020,13.0,2.280350850198276,16,Kimi Räikkönen,2014–present
8,2021,12.5,2.7917947000198318,18,Kimi Räikkönen,2014–present
9,2006,9.2,3.8987177379235853,5,Robert Kubica,2000–2013
9,2007,6.6923076923076925,3.7502136691264085,13,Robert Kubica,2000–2013
9,2008,4.875,3.095695936834452,16,Robert Kubica,2000–2013
9,2009,10.285714285714286,4.304355065218543,14,Robert Kubica,2000–2013
9,2010,5.9375,2.4074537032585557,16,Robert Kubica,2000–2013
9,2019,16.94736842105263,2.0942695414584778,19,Robert Kubica,2014–present
10,2008,8.428571428571429,3.479926739155598,14,Timo Glock,2000–2013
10,2009,7.857142857142857,3.3016812234222277,14,Timo Glock,2000–2013
10,2010,17.6,1.6465452046971292,10,Timo Glock,2000–2013
10,2011,17.923076923076923,1.977436828385779,13,Timo Glock,2000–2013
10,2012,17.36842105263158,2.752988806446741,19,Timo Glock,2000–2013
11,2002,10.1,2.8460498941515415,10,Takuma Sato,2000–2013
11,2004,7.538461538461538,4.155626399140179,13,Takuma Sato,2000–2013
11,2005,12.0,2.8722813232690143,9,Takuma Sato,2000–2013
11,2006,14.7,2.4966644414765335,10,Takuma Sato,2000–2013
11,2007,13.642857142857142,3.3191088437234955,14,Takuma Sato,2000–2013
12,2008,8.222222222222221,3.993049516903646,9,Nelson Piquet Jr.,2000–2013
12,2009,13.0,2.0701966780270626,8,Nelson Piquet Jr.,2000–2013
13,2002,7.125,1.4577379737113252,8,Felipe Massa,2000–2013
13,2004,9.214285714285714,2.6941124249447643,14,Felipe Massa,2000–2013
13,2005,9.5625,2.5552234083669996,16,Felipe Massa,2000–2013
13,2006,4.4375,2.780137886268713,16,Felipe Massa,2000–2013
13,2007,3.6666666666666665,3.1091263510296048,15,Felipe Massa,2000–2013
13,2008,4.8125,5.153882032022076,16,Felipe Massa,2000–2013
13,2009,6.571428571428571,3.823486317361109,7,Felipe Massa,2000–2013
13,2010,7.111111111111111,4.522998600471736,18,Felipe Massa,2000–2013
13,2011,6.375,1.7078251276599332,16,Felipe Massa,2000–2013
13,2012,8.0,4.422166387140532,19,Felipe Massa,2000–2013
13,2013,7.235294117647059,3.2118805193512783,17,Felipe Massa,2000–2013
13,2014,7.375,4.145278438577236,16,Felipe Massa,2014–present
13,2015,7.1875,4.214558102577303,16,Felipe Massa,2014–present
13,2016,9.944444444444445,3.947780049630607,18,Felipe Massa,2014–present
13,2017,9.352941176470589,2.148871112659745,17,Felipe Massa,2014–present
14,1994,4.4,1.5165750888103102,5,David Coulthard,1980–1999
14,1995,2.4444444444444446,0.8819171036881968,9,David Coulthard,1980–1999
14,1996,5.888888888888889,3.2574700476153438,9,David Coulthard,1980–1999
14,1997,5.0,3.496029493900505,10,David Coulthard,1980–1999
14,1998,3.1666666666666665,1.9924098397912438,12,David Coulthard,1980–1999
14,1999,3.0,2.1213203435596424,9,David Coulthard,1980–1999
14,2000,2.857142857142857,1.6574838603294895,14,David Coulthard,2000–2013
14,2001,2.8461538461538463,1.281025230440697,13,David Coulthard,2000–2013
14,2002,4.461538461538462,2.4019223070763074,13,David Coulthard,2000–2013
14,2003,5.181818181818182,3.6556307750696546,11,David Coulthard,2000–2013
14,2004,7.714285714285714,2.233609408336872,14,David Coulthard,2000–2013
14,2005,8.214285714285714,3.166618468883254,14,David Coulthard,2000–2013
14,2006,9.461538461538462,3.406253675603757,13,David Coulthard,2000–2013
14,2007,9.0,3.4641016151377544,10,David Coulthard,2000–2013
14,2008,11.153846153846153,4.160251471689219,13,David Coulthard,2000–2013
15,1997,9.9,3.414023367751831,10,Jarno Trulli,1980–1999
15,1998,10.428571428571429,2.370453040886408,7,Jarno Trulli,1980–1999
15,1999,7.25,2.815771906346718,8,Jarno Trulli,1980–1999
15,2000,9.0,3.7416573867739413,10,Jarno Trulli,2000–2013
15,2001,6.25,2.49284690951645,8,Jarno Trulli,2000–2013
15,2002,6.75,2.3145502494313788,8,Jarno Trulli,2000–2013
15,2003,6.363636363636363,2.6934263410283665,11,Jarno Trulli,2000–2013
15,2004,6.428571428571429,3.523859023511357,14,Jarno Trulli,2000–2013
15,2005,7.333333333333333,4.253849796976628,15,Jarno Trulli,2000–2013
15,2006,9.461538461538462,3.821330148333706,13,Jarno Trulli,2000–2013
15,2007,10.692307692307692,3.198557367121814,13,Jarno Trulli,2000–2013
15,2008,8.0,3.6645015252516173,15,Jarno Trulli,2000–2013
15,2009,8.23076923076923,5.019193928541484,13,Jarno Trulli,2000–2013
15,2010,17.272727272727273,2.5334130768948477,11,Jarno Trulli,2000–2013
15,2011,16.928571428571427,2.4007782620925786,14,Jarno Trulli,2000–2013
16,2007,15.5,3.5978388574871505,10,Adrian Sutil,2000–2013
16,2008,16.714285714285715,2.3603873774083297,7,Adrian Sutil,2000–2013
16,2009,13.615384615384615,4.073050894568295,13,Adrian Sutil,2000–2013
16,2010,9.866666666666667,3.6619016657365075,15,Adrian Sutil,2000–2013
16,2011,9.882352941176471,2.7812396728162527,17,Adrian Sutil,2000–2013
16,2013,11.266666666666667,3.8631346758570975,15,Adrian Sutil,2000–2013
16,2014,14.666666666666666,2.806917861068948,12,Adrian Sutil,2014–present
17,2002,11.0,3.1269438398822866,10,Mark Webber,2000–2013
17,2003,8.272727272727273,2.6491851234260353,11,Mark Webber,2000–2013
17,2004,9.2,2.1499353995462798,10,Mark Webber,2000–2013
17,2005,7.0,3.34165627596057,13,Mark Webber,2000–2013
17,2006,8.714285714285714,2.214669705568283,7,Mark Webber,2000–2013
17,2007,8.9,2.8067379246694513,10,Mark Webber,2000–2013
17,2008,8.4,2.7202941017470885,15,Mark Webber,2000–2013
17,2009,5.666666666666667,4.864839839775475,15,Mark Webber,2000–2013
17,2010,4.0,2.9154759474226504,17,Mark Webber,2000–2013
17,2011,3.3333333333333335,1.0289915108550531,18,Mark Webber,2000–2013
17,2012,6.166666666666667,4.617740725913995,18,Mark Webber,2000–2013
17,2013,4.5,3.3065591380365986,16,Mark Webber,2000–2013
18,2000,7.7272727272727275,3.8753298979805346,11,Jenson Button,2000–2013
18,2001,10.909090909090908,3.6729972898042127,11,Jenson Button,2000–2013
18,2002,7.416666666666667,3.629633924274241,12,Jenson Button,2000–2013
18,2003,7.5,2.1213203435596424,10,Jenson Button,2000–2013
18,2004,3.6,1.7237832147426693,15,Jenson Button,2000–2013
18,2005,6.166666666666667,2.6227443411030134,12,Jenson Button,2000–2013
18,2006,5.357142857142857,2.898464921488425,14,Jenson Button,2000–2013
18,2007,10.636363636363637,2.766684921443975,11,Jenson Button,2000–2013
18,2008,12.357142857142858,2.9770181999170515,14,Jenson Button,2000–2013
18,2009,3.5625,2.5552234083669996,16,Jenson Button,2000–2013
18,2010,4.470588235294118,2.9179968955351794,17,Jenson Button,2000–2013
18,2011,3.0588235294117645,1.6759545129303972,17,Jenson Button,2000–2013
18,2012,6.888888888888889,5.717762714341714,18,Jenson Button,2000–2013
18,2013,9.105263157894736,3.3647640967682393,19,Jenson Button,2000–2013
18,2014,7.5,3.7768645570569435,18,Jenson Button,2014–present
18,2015,12.076923076923077,3.2005608482873344,13,Jenson Button,2014–present
18,2016,11.2,3.166791977470486,15,Jenson Button,2014–present
19,2007,14.083333333333334,2.391588796113782,12,Anthony Davidson,2000–2013
20,2007,13.0,6.6332495807108,5,Sebastian Vettel,2000–2013
20,2008,7.166666666666667,4.152399817265222,12,Sebastian Vettel,2000–2013
20,2009,4.428571428571429,4.484405212499213,14,Sebastian Vettel,2000–2013
20,2010,3.625,3.537890143385838,16,Sebastian Vettel,2000–2013
20,2011,1.5555555555555556,0.8555852638929972,18,Sebastian Vettel,2000–2013
20,2012,4.421052631578948,4.936438093669522,19,Sebastian Vettel,2000–2013
20,2013,1.6111111111111112,1.0921586228732252,18,Sebastian Vettel,2000–2013
20,2014,5.0625,1.8427786989579984,16,Sebastian Vettel,2014–present
20,2015,3.3333333333333335,2.4733877696033697,18,Sebastian Vettel,2014–present
20,2016,4.0588235294117645,1.7489492643904125,17,Sebastian Vettel,2014–present
20,2017,2.5555555555555554,1.5801050680710416,18,Sebastian Vettel,2014–present
20,2018,3.15,1.9808291724745766,20,Sebastian Vettel,2014–present
20,2019,5.105263157894737,4.7480374523715385,19,Sebastian Vettel,2014–present
20,2020,10.4,3.0189875313233268,15,Sebastian Vettel,2014–present
20,2021,11.052631578947368,4.129483209670112,19,Sebastian Vettel,2014–present
20,2022,10.555555555555555,3.2579716212648817,18,Sebastian Vettel,2014–present
21,1997,6.538461538461538,2.989297147474208,13,Giancarlo Fisichella,1980–1999
21,1998,6.181818181818182,2.3587361793206894,11,Giancarlo Fisichella,1980–1999
21,1999,8.0,3.972125095937662,10,Giancarlo Fisichella,1980–1999
21,2000,7.333333333333333,3.773913650631694,12,Giancarlo Fisichella,2000–2013
21,2001,10.0,4.358898943540674,11,Giancarlo Fisichella,2000–2013
21,2002,7.0,2.672612419124244,8,Giancarlo Fisichella,2000–2013
21,2003,9.714285714285714,4.6084807950229365,7,Giancarlo Fisichella,2000–2013
21,2004,8.176470588235293,2.1861865804880156,17,Giancarlo Fisichella,2000–2013
21,2005,5.0,2.886751345948129,13,Giancarlo Fisichella,2000–2013
21,2006,4.625,1.7841898254763513,16,Giancarlo Fisichella,2000–2013
21,2007,8.142857142857142,2.6269942712345036,14,Giancarlo Fisichella,2000–2013
21,2008,14.818181818181818,2.67649703224875,11,Giancarlo Fisichella,2000–2013
21,2009,11.9375,3.6417715469260283,16,Giancarlo Fisichella,2000–2013
22,1993,9.625,2.6152028055746874,8,Rubens Barrichello,1980–1999
22,1994,5.25,2.9640705601780613,8,Rubens Barrichello,1980–1999
22,1995,6.75,3.1052950170405937,8,Rubens Barrichello,1980–1999
22,1996,5.888888888888889,1.9002923751652299,9,Rubens Barrichello,1980–1999
22,1998,8.5,2.7386127875258306,6,Rubens Barrichello,1980–1999
22,1999,5.7272727272727275,2.5725827135743993,11,Rubens Barrichello,1980–1999
22,2000,2.8461538461538463,0.9870962335856491,13,Rubens Barrichello,2000–2013
22,2001,3.9285714285714284,3.384677821601925,14,Rubens Barrichello,2000–2013
22,2002,2.3333333333333335,1.7232808737106582,12,Rubens Barrichello,2000–2013
22,2003,3.5454545454545454,2.2522715805886446,11,Rubens Barrichello,2000–2013
22,2004,3.1176470588235294,2.5710492250532777,17,Rubens Barrichello,2000–2013
22,2005,7.529411764705882,3.429971702850177,17,Rubens Barrichello,2000–2013
22,2006,7.8,3.075246796135695,15,Rubens Barrichello,2000–2013
22,2007,12.066666666666666,2.6850556436550455,15,Rubens Barrichello,2000–2013
22,2008,12.0,4.281744192888376,13,Rubens Barrichello,2000–2013
22,2009,4.5625,2.657536453183662,16,Rubens Barrichello,2000–2013
22,2010,9.882352941176471,3.1201432847943154,17,Rubens Barrichello,2000–2013
22,2011,13.25,2.3804761428476167,16,Rubens Barrichello,2000–2013
23,1997,5.428571428571429,1.8126539343499315,7,Ralf Schumacher,1980–1999
23,1998,7.222222222222222,4.2946995755750415,9,Ralf Schumacher,1980–1999
23,1999,4.333333333333333,1.723280873710658,12,Ralf Schumacher,1980–1999
23,2000,5.3,3.3015148038438356,10,Ralf Schumacher,2000–2013
23,2001,3.4,2.1705094128132942,10,Ralf Schumacher,2000–2013
23,2002,5.733333333333333,4.148436308963151,15,Ralf Schumacher,2000–2013
23,2003,5.153846153846154,3.2105595007244934,13,Ralf Schumacher,2000–2013
23,2004,5.857142857142857,2.544836041121407,7,Ralf Schumacher,2000–2013
23,2005,6.705882352941177,2.663754537357772,17,Ralf Schumacher,2000–2013
23,2006,8.181818181818182,3.6556307750696546,11,Ralf Schumacher,2000–2013
23,2007,11.181818181818182,3.2192602199319587,11,Ralf Schumacher,2000–2013
24,2006,12.071428571428571,2.05554730553075,14,Vitantonio Liuzzi,2000–2013
24,2007,13.6,3.7178249316263163,10,Vitantonio Liuzzi,2000–2013
24,2010,11.23076923076923,3.269909431820351,13,Vitantonio Liuzzi,2000–2013
24,2011,19.75,2.958039891549808,12,Vitantonio Liuzzi,2000–2013
25,1998,6.181818181818182,2.5619594773603196,11,Alexander Wurz,1980–1999
25,1999,8.4,2.6331223544175333,10,Alexander Wurz,1980–1999
25,2000,9.333333333333334,2.229281716090851,12,Alexander Wurz,2000–2013
25,2007,10.083333333333334,3.7040109300185615,12,Alexander Wurz,2000–2013
26,2006,12.357142857142858,2.340517459456771,14,Scott Speed,2000–2013
27,2005,13.923076923076923,3.593084525899218,13,Christijan Albers,2000–2013
27,2006,13.4,2.1705094128132942,10,Christijan Albers,2000–2013
27,2007,15.4,2.0736441353327724,5,Christijan Albers,2000–2013
29,2007,17.2,3.271085446759225,5,Sakon Yamamoto,2000–2013
29,2010,18.166666666666668,2.1369760566432814,6,Sakon Yamamoto,2000–2013
30,1992,3.1666666666666665,1.5275252316519468,12,Michael Schumacher,1980–1999
30,1993,2.2222222222222223,0.6666666666666666,9,Michael Schumacher,1980–1999
30,1994,1.2,0.4216370213557839,10,Michael Schumacher,1980–1999
30,1995,2.3076923076923075,2.8689317229186946,13,Michael Schumacher,1980–1999
30,1996,2.8,2.394437999475729,10,Michael Schumacher,1980–1999
30,1997,2.769230769230769,1.9644272343292228,13,Michael Schumacher,1980–1999
30,1998,2.6153846153846154,2.534379001467011,13,Michael Schumacher,1980–1999
30,1999,3.0,2.3904572186687876,8,Michael Schumacher,1980–1999
30,2000,1.6153846153846154,1.1929278784054478,13,Michael Schumacher,2000–2013
30,2001,1.5333333333333334,0.833809387832792,15,Michael Schumacher,2000–2013
30,2002,1.411764705882353,0.6183469424008423,17,Michael Schumacher,2000–2013
30,2003,3.6,2.667261838343906,15,Michael Schumacher,2000–2013
30,2004,2.1176470588235294,2.9343302673092304,17,Michael Schumacher,2000–2013
30,2005,4.6923076923076925,2.657837949180229,13,Michael Schumacher,2000–2013
30,2006,2.5625,2.1281838892977896,16,Michael Schumacher,2000–2013
30,2010,8.647058823529411,3.258473117707668,17,Michael Schumacher,2000–2013
30,2011,8.285714285714286,3.91110001108426,14,Michael Schumacher,2000–2013
30,2012,10.0,4.932882862316247,13,Michael Schumacher,2000–2013
31,2001,3.1666666666666665,2.562550812504343,6,Juan Pablo Montoya,2000–2013
31,2002,3.769230769230769,2.3858557568108956,13,Juan Pablo Montoya,2000–2013
31,2003,3.6153846153846154,3.0967311135685627,13,Juan Pablo Montoya,2000–2013
31,2004,5.357142857142857,2.9770181999170515,14,Juan Pablo Montoya,2000–2013
31,2005,4.636363636363637,3.8800187440971796,11,Juan Pablo Montoya,2000–2013
31,2006,4.0,1.5811388300841898,5,Juan Pablo Montoya,2000–2013
32,2004,11.642857142857142,2.340517459456771,14,Christian Klien,2000–2013
32,2005,9.090909090909092,2.7369525189358126,11,Christian Klien,2000–2013
32,2006,11.0,2.138089935299395,8,Christian Klien,2000–2013
33,2005,12.666666666666666,3.5313720046596786,18,Tiago Monteiro,2000–2013
33,2006,14.454545454545455,2.3393860888547815,11,Tiago Monteiro,2000–2013
35,1996,2.923076923076923,2.9000442083279365,13,Jacques Villeneuve,1980–1999
35,1997,2.1818181818181817,1.7215215257545762,11,Jacques Villeneuve,1980–1999
35,1998,5.6923076923076925,2.015961945102775,13,Jacques Villeneuve,1980–1999
35,2000,7.461538461538462,4.215356541175463,13,Jacques Villeneuve,2000–2013
35,2001,6.818181818181818,2.4826671874490875,11,Jacques Villeneuve,2000–2013
35,2002,8.1,2.282785822435191,10,Jacques Villeneuve,2000–2013
35,2003,8.714285714285714,2.1380899352993947,7,Jacques Villeneuve,2000–2013
35,2005,10.666666666666666,2.9439202887759492,15,Jacques Villeneuve,2000–2013
35,2006,9.75,2.866057521105554,8,Jacques Villeneuve,2000–2013
37,1999,11.2,3.3466401061363023,5,Pedro de la Rosa,1980–1999
37,2000,10.666666666666666,4.676180777800048,6,Pedro de la Rosa,2000–2013
37,2001,9.714285714285714,3.401680257083045,7,Pedro de la Rosa,2000–2013
37,2002,9.875,1.6420805617960927,8,Pedro de la Rosa,2000–2013
37,2006,6.333333333333333,3.0767948691238205,6,Pedro de la Rosa,2000–2013
37,2010,11.571428571428571,2.370453040886408,7,Pedro de la Rosa,2000–2013
37,2012,19.2,1.8973665961010289,15,Pedro de la Rosa,2000–2013
38,2005,15.0,2.3664319132398464,6,Robert Doornbos,2000–2013
39,2005,13.5,3.6321216516393964,14,Narain Karthikeyan,2000–2013
39,2011,19.571428571428573,3.6449573777637356,7,Narain Karthikeyan,2000–2013
39,2012,20.083333333333332,2.2343733444579588,12,Narain Karthikeyan,2000–2013
40,2005,14.4,5.412947441089743,5,Patrick Friesacher,2000–2013
41,1999,11.4,2.8809720581775866,5,Ricardo Zonta,1980–1999
41,2000,9.0,2.8284271247461903,10,Ricardo Zonta,2000–2013
42,2003,10.6,1.9493588689617927,5,Antônio Pizzonia,2000–2013
43,2003,9.23076923076923,2.087815690853567,13,Cristiano da Matta,2000–2013
43,2004,11.0,2.8284271247461903,7,Cristiano da Matta,2000–2013
44,1994,8.642857142857142,2.924883767766688,14,Olivier Panis,1980–1999
44,1995,6.181818181818182,2.2723636072680717,11,Olivier Panis,1980–1999
44,1996,6.444444444444445,2.455153310442706,9,Olivier Panis,1980–1999
44,1997,5.75,2.9154759474226504,8,Olivier Panis,1980–1999
44,1998,12.444444444444445,2.351122663277647,9,Olivier Panis,1980–1999
44,1999,9.5,2.4608038433722337,10,Olivier Panis,1980–1999
44,2001,8.272727272727273,2.6866674186027972,11,Olivier Panis,2000–2013
44,2002,9.142857142857142,2.9680841985233184,7,Olivier Panis,2000–2013
44,2003,9.142857142857142,2.5448360411214073,7,Olivier Panis,2000–2013
44,2004,11.153846153846153,2.9677756498246812,13,Olivier Panis,2000–2013
45,2004,14.666666666666666,1.632993161855452,6,Giorgio Pantano,2000–2013
46,2004,15.88888888888889,1.536590742882148,9,Gianmaria Bruni,2000–2013
47,2004,13.727272727272727,3.101319367330914,11,Zsolt Baumgartner,2000–2013
48,1999,10.9,3.7549966711037173,10,Marc Gené,1980–1999
48,2000,12.5,3.064129385141706,10,Marc Gené,2000–2013
49,1994,6.0,1.1547005383792515,7,Heinz-Harald Frentzen,1980–1999
49,1995,6.166666666666667,1.8989630344113089,12,Heinz-Harald Frentzen,1980–1999
49,1996,6.428571428571429,1.8126539343499315,7,Heinz-Harald Frentzen,1980–1999
49,1997,4.333333333333333,2.7080128015453204,12,Heinz-Harald Frentzen,1980–1999
49,1998,6.666666666666667,3.2566947363946483,12,Heinz-Harald Frentzen,1980–1999
49,1999,3.8461538461538463,2.5444761689508852,13,Heinz-Harald Frentzen,1980–1999
49,2000,7.25,4.527692569068708,8,Heinz-Harald Frentzen,2000–2013
49,2001,8.0,2.7386127875258306,9,Heinz-Harald Frentzen,2000–2013
49,2002,10.428571428571429,3.1547394428670255,7,Heinz-Harald Frentzen,2000–2013
49,2003,8.88888888888889,3.5158371849548313,9,Heinz-Harald Frentzen,2000–2013
50,1997,11.875,2.695896352395088,8,Jos Verstappen,1980–1999
50,2000,9.714285714285714,4.46147530585589,7,Jos Verstappen,2000–2013
50,2001,10.166666666666666,2.552479483786602,12,Jos Verstappen,2000–2013
50,2003,12.7,2.3118054512532935,10,Jos Verstappen,2000–2013
51,2003,12.571428571428571,2.5071326821120348,7,Justin Wilson,2000–2013
52,2003,11.75,2.2519832529192065,8,Ralph Firman,2000–2013
53,2003,12.8,1.9235384061671343,5,Nicolas Kiesa,2000–2013
54,2001,10.125,1.4577379737113252,8,Luciano Burti,2000–2013
55,1989,6.4,2.8809720581775866,5,Jean Alesi,1980–1999
55,1990,6.7,2.7908580918579307,10,Jean Alesi,1980–1999
55,1991,5.0,3.0237157840738176,8,Jean Alesi,1980–1999
55,1992,4.0,0.8944271909999159,6,Jean Alesi,1980–1999
55,1993,5.285714285714286,2.690370836538197,7,Jean Alesi,1980–1999
55,1994,4.5,2.5634797778466227,8,Jean Alesi,1980–1999
55,1995,3.2222222222222223,1.7159383568311668,9,Jean Alesi,1980–1999
55,1996,3.090909090909091,1.2210278829367867,11,Jean Alesi,1980–1999
55,1997,5.5,3.413773008541452,14,Jean Alesi,1980–1999
55,1998,7.583333333333333,2.6443192398846707,12,Jean Alesi,1980–1999
55,1999,9.375,3.7008686239082533,8,Jean Alesi,1980–1999
55,2000,11.2,1.9235384061671346,5,Jean Alesi,2000–2013
55,2001,8.8125,2.5876308340513594,16,Jean Alesi,2000–2013
56,1994,7.0,3.5355339059327373,5,Eddie Irvine,1980–1999
56,1995,7.222222222222222,2.8185890875479607,9,Eddie Irvine,1980–1999
56,1996,5.166666666666667,1.602081978759722,6,Eddie Irvine,1980–1999
56,1997,6.7272727272727275,4.606319769423505,11,Eddie Irvine,1980–1999
56,1998,3.769230769230769,2.006400016357911,13,Eddie Irvine,1980–1999
56,1999,3.2666666666666666,2.016597794967223,15,Eddie Irvine,1980–1999
56,2000,9.166666666666666,2.9797294975866313,12,Eddie Irvine,2000–2013
56,2001,7.0,2.8284271247461903,6,Eddie Irvine,2000–2013
56,2002,6.857142857142857,2.6726124191242437,7,Eddie Irvine,2000–2013
57,1991,12.11111111111111,4.013864859597432,9,Mika Häkkinen,1980–1999
57,1992,6.333333333333333,2.0615528128088303,9,Mika Häkkinen,1980–1999
57,1994,4.5,3.3806170189140663,8,Mika Häkkinen,1980–1999
57,1995,4.666666666666667,2.503331114069145,6,Mika Häkkinen,1980–1999
57,1996,4.769230769230769,1.739436985245808,13,Mika Häkkinen,1980–1999
57,1997,4.666666666666667,2.3979157616563596,9,Mika Häkkinen,1980–1999
57,1998,1.9230769230769231,1.5525000516123695,13,Mika Häkkinen,1980–1999
57,1999,2.090909090909091,1.300349603340998,11,Mika Häkkinen,1980–1999
57,2000,2.2857142857142856,1.4373357526806554,14,Mika Häkkinen,2000–2013
57,2001,4.3,2.406010991015812,10,Mika Häkkinen,2000–2013
58,2001,12.666666666666666,3.011090610836324,6,Tarso Marques,2000–2013
59,2001,11.428571428571429,2.439750182371333,7,Enrique Bernoldi,2000–2013
60,2000,12.583333333333334,2.6097137890209456,12,Gastón Mazzacane,2000–2013
62,2002,11.4,2.8809720581775866,5,Alex Yoong,2000–2013
63,1995,8.833333333333334,3.2145502536643185,12,Mika Salo,1980–1999
63,1996,7.5,2.2677868380553634,8,Mika Salo,1980–1999
63,1997,10.125,2.748376143938713,8,Mika Salo,1980–1999
63,1998,10.8,4.324349662087931,5,Mika Salo,1980–1999
63,1999,6.857142857142857,3.4364987719368982,7,Mika Salo,1980–1999
63,2000,7.583333333333333,1.8809249819912512,12,Mika Salo,2000–2013
63,2002,9.545454545454545,3.0777796010642597,11,Mika Salo,2000–2013
64,1995,11.875,3.48209706929603,8,Pedro Diniz,1980–1999
64,1996,7.833333333333333,1.8348478592697177,6,Pedro Diniz,1980–1999
64,1997,9.166666666666666,3.0605010483034745,6,Pedro Diniz,1980–1999
64,1998,9.0,3.6742346141747673,5,Pedro Diniz,1980–1999
64,2000,9.4,1.577621275493231,10,Pedro Diniz,2000–2013
65,1989,9.8,5.06951674225463,5,Johnny Herbert,1980–1999
65,1991,10.4,2.5099800796022267,5,Johnny Herbert,1980–1999
65,1992,9.0,3.6742346141747673,5,Johnny Herbert,1980–1999
65,1993,7.0,3.070597894314954,8,Johnny Herbert,1980–1999
65,1994,9.0,1.9999999999999998,9,Johnny Herbert,1980–1999
65,1995,4.230769230769231,2.1273554065179203,13,Johnny Herbert,1980–1999
65,1996,7.75,2.187627547301936,8,Johnny Herbert,1980–1999
65,1997,5.909090909090909,1.8140862964338522,11,Johnny Herbert,1980–1999
65,1998,8.375,1.7677669529663689,8,Johnny Herbert,1980–1999
65,1999,8.333333333333334,4.301162633521313,9,Johnny Herbert,1980–1999
65,2000,9.777777777777779,2.166666666666667,9,Johnny Herbert,2000–2013
66,2002,10.875,3.0908852176312576,8,Allan McNish,2000–2013
67,2009,12.75,4.202272112689862,12,Sébastien Buemi,2000–2013
67,2010,12.071428571428571,2.4950500446433383,14,Sébastien Buemi,2000–2013
67,2011,11.214285714285714,2.3592231912080863,14,Sébastien Buemi,2000–2013
68,1998,12.125,2.416461403433896,8,Toranosuke Takagi,1980–1999
69,1993,11.833333333333334,2.9268868558020253,6,Luca Badoer,1980–1999
69,1995,11.333333333333334,2.7386127875258306,9,Luca Badoer,1980–1999
69,1999,10.833333333333334,2.228601953392904,6,Luca Badoer,1980–1999
70,1993,9.2,3.2710854467592254,5,Alessandro Zanardi,1980–1999
70,1994,13.2,2.6832815729997477,5,Alessandro Zanardi,1980–1999
70,1999,9.166666666666666,1.7224014243685084,6,Alessandro Zanardi,1980–1999
71,1993,3.25,3.8168287645874055,12,Damon Hill,1980–1999
71,1994,2.3076923076923075,2.1750331562459526,13,Damon Hill,1980–1999
71,1995,2.0,1.0540925533894598,10,Damon Hill,1980–1999
71,1996,1.75,1.3568010505999362,12,Damon Hill,1980–1999
71,1997,9.3,4.164666186436128,10,Damon Hill,1980–1999
71,1998,6.2727272727272725,2.7236339361562187,11,Damon Hill,1980–1999
71,1999,6.571428571428571,1.9880595947760098,7,Damon Hill,1980–1999
73,1996,10.75,2.052872551885702,8,Ricardo Rosset,1980–1999
75,1997,9.0,2.9277002188455996,8,Shinji Nakano,1980–1999
75,1998,11.7,3.560586718193756,10,Shinji Nakano,1980–1999
76,1997,10.2,2.3874672772626644,5,Jan Magnussen,1980–1999
77,1985,8.444444444444445,2.554951619459315,9,Gerhard Berger,1980–1999
77,1986,6.0,3.116774889895918,8,Gerhard Berger,1980–1999
77,1987,2.857142857142857,1.4638501094227998,7,Gerhard Berger,1980–1999
77,1988,3.909090909090909,2.21153998175685,11,Gerhard Berger,1980–1999
77,1990,5.076923076923077,4.49928769291204,13,Gerhard Berger,1980–1999
77,1991,2.7777777777777777,1.092906420717,9,Gerhard Berger,1980–1999
77,1992,3.1,1.5238839267549946,10,Gerhard Berger,1980–1999
77,1993,7.555555555555555,4.126472801046649,9,Gerhard Berger,1980–1999
77,1994,3.7777777777777777,3.3082388735465345,9,Gerhard Berger,1980–1999
77,1995,5.0,3.3466401061363023,11,Gerhard Berger,1980–1999
77,1996,5.666666666666667,3.4278273002005215,9,Gerhard Berger,1980–1999
77,1997,6.076923076923077,2.928638433969457,13,Gerhard Berger,1980–1999
78,1990,10.846153846153847,2.577018750615843,13,Nicola Larini,1980–1999
79,1992,11.666666666666666,2.9439202887759492,6,Ukyo Katayama,1980–1999
79,1993,13.8,2.5884358211089573,5,Ukyo Katayama,1980–1999
79,1996,9.5,1.8708286933869707,6,Ukyo Katayama,1980–1999
79,1997,12.75,3.19597961731387,8,Ukyo Katayama,1980–1999
81,1991,9.625,2.8252686345094435,8,Gianni Morbidelli,1980–1999
81,1992,12.11111111111111,3.4439963866286374,9,Gianni Morbidelli,1980–1999
81,1995,9.333333333333334,4.226897995772629,6,Gianni Morbidelli,1980–1999
81,1997,10.5,2.073644135332772,6,Gianni Morbidelli,1980–1999
83,1995,9.666666666666666,2.3380903889000244,6,Pedro Lamy,1980–1999
83,1996,11.625,2.1339098923270936,8,Pedro Lamy,1980–1999
84,1985,9.1,2.1317702607092643,10,Martin Brundle,1980–1999
84,1986,7.555555555555555,2.6034165586355513,9,Martin Brundle,1980–1999
84,1989,7.714285714285714,2.360387377408329,7,Martin Brundle,1980–1999
84,1991,10.444444444444445,2.351122663277647,9,Martin Brundle,1980–1999
84,1992,3.6363636363636362,0.9244162777371754,11,Martin Brundle,1980–1999
84,1993,6.7272727272727275,2.901410315377992,11,Martin Brundle,1980–1999
84,1994,5.571428571428571,3.101458950082625,7,Martin Brundle,1980–1999
84,1995,6.833333333333333,2.7868739954771304,6,Martin Brundle,1980–1999
84,1996,7.333333333333333,2.598076211353316,9,Martin Brundle,1980–1999
87,1991,11.0,4.242640687119285,5,Mark Blundell,1980–1999
87,1993,6.555555555555555,2.6034165586355518,9,Mark Blundell,1980–1999
87,1994,7.857142857142857,3.5790395093549625,7,Mark Blundell,1980–1999
87,1995,6.5,2.41522945769824,10,Mark Blundell,1980–1999
88,1990,8.0,4.147288270665544,6,Aguri Suzuki,1980–1999
88,1992,9.222222222222221,1.6414763002993507,9,Aguri Suzuki,1980–1999
88,1993,10.2,2.3874672772626644,5,Aguri Suzuki,1980–1999
89,1995,11.2,2.7748873851023217,5,Taki Inoue,1980–1999
90,1991,8.333333333333334,4.092676385936225,9,Roberto Moreno,1980–1999
91,1992,10.166666666666666,4.020779360604939,6,Karl Wendlinger,1980–1999
91,1993,8.285714285714286,4.231401884099631,7,Karl Wendlinger,1980–1999
92,1991,8.142857142857142,2.7945525240230875,7,Bertrand Gachot,1980–1999
94,1988,11.2,4.381780460041329,5,Pierluigi Martini,1980–1999
94,1989,6.833333333333333,1.834847859269718,6,Pierluigi Martini,1980–1999
94,1990,10.142857142857142,2.734262327610589,7,Pierluigi Martini,1980–1999
94,1991,8.777777777777779,3.3082388735465345,9,Pierluigi Martini,1980–1999
94,1992,9.25,2.9640705601780613,8,Pierluigi Martini,1980–1999
94,1994,9.0,3.1622776601683795,9,Pierluigi Martini,1980–1999
95,1981,6.2,3.1144823004794873,5,Nigel Mansell,1980–1999
95,1982,6.333333333333333,2.3380903889000244,6,Nigel Mansell,1980–1999
95,1983,7.75,3.8078865529319543,8,Nigel Mansell,1980–1999
95,1984,4.4,1.5165750888103102,5,Nigel Mansell,1980–1999
95,1985,5.0,3.0550504633038935,10,Nigel Mansell,1980–1999
95,1986,2.4166666666666665,1.5642792899510296,12,Nigel Mansell,1980–1999
95,1987,3.4,4.168666186896929,10,Nigel Mansell,1980–1999
95,1989,2.0,0.8944271909999159,6,Nigel Mansell,1980–1999
95,1990,5.888888888888889,6.660413734229362,9,Nigel Mansell,1980–1999
95,1991,1.9,1.523883926754995,10,Nigel Mansell,1980–1999
95,1992,1.25,0.4522670168666454,12,Nigel Mansell,1980–1999
96,1995,8.714285714285714,2.563479777846623,7,Jean-Christophe Boullion,1980–1999
100,1991,11.125,2.948970764763288,8,Érik Comas,1980–1999
100,1992,7.5,1.7728105208558362,8,Érik Comas,1980–1999
100,1993,10.125,2.9970223317724636,8,Érik Comas,1980–1999
100,1994,8.375,1.7677669529663687,8,Érik Comas,1980–1999
101,1994,12.333333333333334,1.8618986725025255,6,David Brabham,1980–1999
102,1984,4.5,2.073644135332772,6,Ayrton Senna,1980–1999
102,1985,5.0,5.0990195135927845,9,Ayrton Senna,1980–1999
102,1986,2.5,1.2692955176439846,10,Ayrton Senna,1980–1999
102,1987,3.0833333333333335,1.8319554050414562,12,Ayrton Senna,1980–1999
102,1988,2.4285714285714284,2.6228078235206027,14,Ayrton Senna,1980–1999
102,1989,2.888888888888889,3.6209268304000717,9,Ayrton Senna,1980–1999
102,1990,3.25,5.344921123663269,12,Ayrton Senna,1980–1999
102,1991,2.3333333333333335,1.7994708216848747,15,Ayrton Senna,1980–1999
102,1992,3.111111111111111,2.571208103423585,9,Ayrton Senna,1980–1999
102,1993,3.6666666666666665,4.7545831159062315,12,Ayrton Senna,1980–1999
103,1990,7.875,2.6958963523950885,8,Éric Bernard,1980–1999
103,1994,10.363636363636363,3.8281255797773213,11,Éric Bernard,1980–1999
104,1992,9.833333333333334,2.6394443859772205,6,Christian Fittipaldi,1980–1999
104,1993,8.1,2.4244128727957577,10,Christian Fittipaldi,1980–1999
104,1994,9.3,4.191260749066641,10,Christian Fittipaldi,1980–1999
105,1981,12.2,2.5884358211089573,5,Michele Alboreto,1980–1999
105,1982,5.2727272727272725,2.4531982835029496,11,Michele Alboreto,1980–1999
105,1983,8.428571428571429,4.353433237386437,7,Michele Alboreto,1980–1999
105,1984,4.25,3.1959796173138706,8,Michele Alboreto,1980–1999
105,1985,3.3,3.529242915351047,10,Michele Alboreto,1980–1999
105,1986,5.857142857142857,2.8535691936340255,7,Michele Alboreto,1980–1999
105,1987,5.833333333333333,4.9564772436345015,6,Michele Alboreto,1980–1999
105,1988,7.2,5.959119994689745,10,Michele Alboreto,1980–1999
105,1990,11.625,2.559994419636775,8,Michele Alboreto,1980–1999
105,1992,7.928571428571429,2.921124275508838,14,Michele Alboreto,1980–1999
105,1994,10.0,3.22490309931942,6,Michele Alboreto,1980–1999
108,1992,12.2,1.9235384061671343,5,Paul Belmondo,1980–1999
109,1991,9.4,4.03732584763727,5,Jyrki Järvilehto,1980–1999
109,1992,9.454545454545455,1.694912172570388,11,Jyrki Järvilehto,1980–1999
109,1993,6.857142857142857,1.772810520855837,7,Jyrki Järvilehto,1980–1999
110,1981,9.166666666666666,2.48327740429189,6,Andrea de Cesaris,1980–1999
110,1982,8.5,3.5071355833500366,6,Andrea de Cesaris,1980–1999
110,1983,5.6,4.33589667773576,5,Andrea de Cesaris,1980–1999
110,1984,8.142857142857142,2.5448360411214073,7,Andrea de Cesaris,1980–1999
110,1988,8.8,3.271085446759225,5,Andrea de Cesaris,1980–1999
110,1989,9.11111111111111,3.2188679859713276,9,Andrea de Cesaris,1980–1999
110,1991,6.888888888888889,2.758824226207808,9,Andrea de Cesaris,1980–1999
110,1992,7.375,3.2043497223082786,8,Andrea de Cesaris,1980–1999
110,1993,12.333333333333334,1.7511900715418265,6,Andrea de Cesaris,1980–1999
112,1987,8.0,2.5298221281347035,6,Philippe Alliot,1980–1999
112,1988,11.875,2.900123150094542,8,Philippe Alliot,1980–1999
112,1990,12.11111111111111,2.848001248439177,9,Philippe Alliot,1980–1999
112,1993,9.5,2.3687784005919825,10,Philippe Alliot,1980–1999
114,1988,11.11111111111111,3.7564758898615485,9,Yannick Dalmas,1980–1999
117,1980,6.857142857142857,1.9518001458970664,7,Alain Prost,1980–1999
117,1981,1.6666666666666667,0.816496580927726,6,Alain Prost,1980–1999
117,1982,3.875,2.799872446074234,8,Alain Prost,1980–1999
117,1983,3.8333333333333335,3.298300756266456,12,Alain Prost,1980–1999
117,1984,2.090909090909091,1.92117388356939,11,Alain Prost,1980–1999
117,1985,2.0833333333333335,1.0836246694508316,12,Alain Prost,1980–1999
117,1986,2.5384615384615383,1.7134460703206957,13,Alain Prost,1980–1999
117,1987,4.833333333333333,4.19595765065147,12,Alain Prost,1980–1999
117,1988,1.5,0.5188745216627708,14,Alain Prost,1980–1999
117,1989,2.1538461538461537,1.214231845389905,13,Alain Prost,1980–1999
117,1990,2.3333333333333335,1.4354811251305468,12,Alain Prost,1980–1999
117,1991,3.125,1.1259916264596033,8,Alain Prost,1980–1999
117,1993,3.1333333333333333,3.7199590371528606,15,Alain Prost,1980–1999
118,1983,5.666666666666667,1.632993161855452,6,Derek Warwick,1980–1999
118,1984,4.166666666666667,3.430257521916783,6,Derek Warwick,1980–1999
118,1985,7.142857142857143,2.115700942049815,7,Derek Warwick,1980–1999
118,1987,9.166666666666666,3.0605010483034745,6,Derek Warwick,1980–1999
118,1988,5.5,1.7159383568311668,10,Derek Warwick,1980–1999
118,1989,7.0,2.0,8,Derek Warwick,1980–1999
118,1990,8.285714285714286,2.4299715851758235,7,Derek Warwick,1980–1999
118,1993,11.272727272727273,4.337992832887328,11,Derek Warwick,1980–1999
119,1977,9.6,2.5099800796022267,5,Riccardo Patrese,pre-1980
119,1978,6.428571428571429,2.819996622760558,7,Riccardo Patrese,pre-1980
119,1979,10.333333333333334,3.204163957519444,6,Riccardo Patrese,pre-1980
119,1980,8.142857142857142,3.625307868699863,7,Riccardo Patrese,1980–1999
119,1981,7.833333333333333,4.708148963941844,6,Riccardo Patrese,1980–1999
119,1982,5.2,5.674504383644443,5,Riccardo Patrese,1980–1999
119,1983,6.0,3.872983346207417,5,Riccardo Patrese,1980–1999
119,1984,7.166666666666667,3.488074922742725,6,Riccardo Patrese,1980–1999
119,1986,8.0,2.9154759474226504,5,Riccardo Patrese,1980–1999
119,1987,8.428571428571429,3.4086724129853865,7,Riccardo Patrese,1980–1999
119,1988,6.875,2.748376143938713,8,Riccardo Patrese,1980–1999
119,1989,5.181818181818182,4.95617154299933,11,Riccardo Patrese,1980–1999
119,1990,6.166666666666667,3.069892901102972,12,Riccardo Patrese,1980–1999
119,1991,3.0,1.4832396974191324,11,Riccardo Patrese,1980–1999
119,1992,2.909090909090909,1.972538742562257,11,Riccardo Patrese,1980–1999
119,1993,6.4,4.087922591134904,10,Riccardo Patrese,1980–1999
121,1993,7.333333333333333,3.777124126457412,6,Michael Andretti,1980–1999
122,1987,10.166666666666666,2.48327740429189,6,Ivan Capelli,1980–1999
122,1988,6.777777777777778,4.2946995755750415,9,Ivan Capelli,1980–1999
123,1983,10.625,3.113908889391045,8,Thierry Boutsen,1980–1999
123,1984,8.285714285714286,2.9277002188455996,7,Thierry Boutsen,1980–1999
123,1985,7.5,2.6111648393354674,12,Thierry Boutsen,1980–1999
123,1986,7.666666666666667,1.2110601416389966,6,Thierry Boutsen,1980–1999
123,1987,7.0,4.69041575982343,9,Thierry Boutsen,1980–1999
123,1988,5.230769230769231,2.24179415327122,13,Thierry Boutsen,1980–1999
123,1989,4.5,3.24037034920393,10,Thierry Boutsen,1980–1999
123,1990,4.0,1.5634719199411433,10,Thierry Boutsen,1980–1999
123,1991,10.6,3.5023801430836525,10,Thierry Boutsen,1980–1999
123,1992,8.857142857142858,2.3401261667248794,7,Thierry Boutsen,1980–1999
123,1993,11.2,1.4832396974191324,5,Thierry Boutsen,1980–1999
127,1988,8.125,3.3567628964311944,8,Maurício Gugelmin,1980–1999
127,1989,6.8,2.4899799195977463,5,Maurício Gugelmin,1980–1999
127,1990,9.6,3.286335345030997,5,Maurício Gugelmin,1980–1999
127,1991,10.125,3.313931631332013,8,Maurício Gugelmin,1980–1999
127,1992,11.4,3.209361307176242,5,Maurício Gugelmin,1980–1999
129,1989,8.6,2.701851217221259,5,Olivier Grouillard,1980–1999
131,1988,12.4,1.1401754250991376,5,Stefano Modena,1980–1999
131,1989,9.2,4.08656334834051,5,Stefano Modena,1980–1999
131,1990,10.571428571428571,3.994043183589901,7,Stefano Modena,1980–1999
131,1991,9.0,4.55521678957215,9,Stefano Modena,1980–1999
133,1988,10.142857142857142,2.7945525240230875,7,Alex Caffi,1980–1999
133,1989,8.142857142857142,3.0783421635988546,7,Alex Caffi,1980–1999
133,1990,8.777777777777779,2.1666666666666665,9,Alex Caffi,1980–1999
136,1979,12.0,3.1091263510296048,7,Jan Lammers,pre-1980
137,1980,2.7,1.4944341180973264,10,Nelson Piquet,1980–1999
137,1981,3.8181818181818183,3.2192602199319587,11,Nelson Piquet,1980–1999
137,1983,3.272727272727273,3.4085454109021076,11,Nelson Piquet,1980–1999
137,1984,4.142857142857143,3.184785258515422,7,Nelson Piquet,1980–1999
137,1985,4.857142857142857,2.734262327610589,7,Nelson Piquet,1980–1999
137,1986,2.5,1.7320508075688772,12,Nelson Piquet,1980–1999
137,1987,3.0,3.696845502136472,13,Nelson Piquet,1980–1999
137,1988,4.777777777777778,1.9860625479688307,9,Nelson Piquet,1980–1999
137,1989,6.25,2.5495097567963927,8,Nelson Piquet,1980–1999
137,1990,4.153846153846154,1.908147174886057,13,Nelson Piquet,1980–1999
137,1991,5.2727272727272725,2.723633936156219,11,Nelson Piquet,1980–1999
138,1987,7.9,2.8460498941515415,10,Satoru Nakajima,1980–1999
138,1988,8.125,1.7268882005337975,8,Satoru Nakajima,1980–1999
138,1989,7.4,2.1908902300206647,5,Satoru Nakajima,1980–1999
138,1990,7.4,2.1908902300206643,5,Satoru Nakajima,1980–1999
138,1991,11.428571428571429,4.117326918327103,7,Satoru Nakajima,1980–1999
139,1989,8.6,2.3021728866442674,5,Emanuele Pirro,1980–1999
139,1991,9.555555555555555,2.6034165586355513,9,Emanuele Pirro,1980–1999
140,1985,5.090909090909091,2.256304299271065,11,Stefan Johansson,1980–1999
140,1986,5.9,3.6651512019742563,10,Stefan Johansson,1980–1999
140,1987,4.545454545454546,2.1616492020508953,11,Stefan Johansson,1980–1999
145,1988,7.125,4.823676724538776,8,Alessandro Nannini,1980–1999
145,1989,4.0,2.1213203435596424,9,Alessandro Nannini,1980–1999
145,1990,6.7,4.498147766951785,10,Alessandro Nannini,1980–1999
151,1990,9.4,2.408318915758459,5,Martin Donnelly,1980–1999
152,1981,9.25,4.39967531269557,8,Bruno Giacomelli,1980–1999
152,1982,9.285714285714286,2.497617912751115,7,Bruno Giacomelli,1980–1999
152,1983,9.333333333333334,3.011090610836324,6,Bruno Giacomelli,1980–1999
153,2010,11.823529411764707,1.7405205441780576,17,Jaime Alguersuari,2000–2013
153,2011,11.8125,4.0202611855450385,16,Jaime Alguersuari,2000–2013
154,2009,15.4,1.816590212458495,5,Romain Grosjean,2000–2013
154,2012,7.583333333333333,5.501377238033356,12,Romain Grosjean,2000–2013
154,2013,7.625,5.942782737629458,16,Romain Grosjean,2000–2013
154,2014,12.846153846153847,2.9677756498246812,13,Romain Grosjean,2014–present
154,2015,8.615384615384615,2.6311740579210876,13,Romain Grosjean,2014–present
154,2016,11.75,4.139243087006769,16,Romain Grosjean,2014–present
154,2017,11.0,2.9368350311176825,17,Romain Grosjean,2014–present
154,2018,10.8,3.8766701469910267,15,Romain Grosjean,2014–present
154,2019,13.4,3.290679478249352,15,Romain Grosjean,2014–present
154,2020,14.666666666666666,2.7743413086658424,12,Romain Grosjean,2014–present
155,2010,9.272727272727273,2.412090756622109,11,Kamui Kobayashi,2000–2013
155,2011,10.533333333333333,3.067494712224262,15,Kamui Kobayashi,2000–2013
155,2012,9.8125,4.230346715499018,16,Kamui Kobayashi,2000–2013
155,2014,15.777777777777779,2.048034287907418,9,Kamui Kobayashi,2014–present
156,1984,9.666666666666666,1.7511900715418265,6,Jonathan Palmer,1980–1999
156,1986,10.375,1.7677669529663689,8,Jonathan Palmer,1980–1999
156,1987,8.461538461538462,3.204564052914338,13,Jonathan Palmer,1980–1999
156,1988,9.285714285714286,3.8172540616821116,7,Jonathan Palmer,1980–1999
156,1989,9.333333333333334,2.8284271247461903,9,Jonathan Palmer,1980–1999
157,1986,9.0,2.1213203435596424,5,Christian Danner,1980–1999
157,1987,8.166666666666666,0.9831920802501752,6,Christian Danner,1980–1999
158,1981,7.142857142857143,3.7161167647860327,7,Eddie Cheever,1980–1999
158,1982,6.666666666666667,5.428320796219275,6,Eddie Cheever,1980–1999
158,1983,5.5,3.9641248358604595,8,Eddie Cheever,1980–1999
158,1984,10.166666666666666,4.578937285731992,6,Eddie Cheever,1980–1999
158,1987,6.428571428571429,1.9880595947760098,7,Eddie Cheever,1980–1999
158,1988,7.25,2.49284690951645,8,Eddie Cheever,1980–1999
158,1989,7.25,2.659215781283755,8,Eddie Cheever,1980–1999
159,1988,11.428571428571429,2.225394561056748,7,Luis Pérez-Sala,1980–1999
160,1984,8.0,2.6457513110645907,5,Piercarlo Ghinzani,1980–1999
160,1987,10.0,2.6076809620810595,6,Piercarlo Ghinzani,1980–1999
163,1979,4.4,3.0495901363953815,5,René Arnoux,pre-1980
163,1980,5.333333333333333,3.570714214271425,9,René Arnoux,1980–1999
163,1981,7.25,3.453776401067595,8,René Arnoux,1980–1999
163,1982,5.5,6.156297588648554,6,René Arnoux,1980–1999
163,1983,4.0,3.2863353450309964,11,René Arnoux,1980–1999
163,1984,5.25,2.7675062617979584,12,René Arnoux,1980–1999
163,1986,6.7,3.465704994818675,10,René Arnoux,1980–1999
163,1987,9.4,1.9493588689617927,5,René Arnoux,1980–1999
163,1988,15.0,3.391164991562634,5,René Arnoux,1980–1999
163,1989,10.666666666666666,3.265986323710904,6,René Arnoux,1980–1999
166,1986,8.666666666666666,2.39791576165636,9,Philippe Streiff,1980–1999
166,1987,8.909090909090908,2.6628760937957834,11,Philippe Streiff,1980–1999
166,1988,10.0,1.4142135623730951,6,Philippe Streiff,1980–1999
169,1987,11.375,1.7677669529663687,8,Pascal Fabre,1980–1999
170,1986,8.0,2.1213203435596424,5,Teo Fabi,1980–1999
170,1987,5.428571428571429,1.7182493859684491,7,Teo Fabi,1980–1999
172,1976,6.777777777777778,4.65772953749404,9,Jacques Laffite,pre-1980
172,1977,6.0,2.6246692913372702,10,Jacques Laffite,pre-1980
172,1978,7.0,3.5948681370916686,14,Jacques Laffite,pre-1980
172,1979,3.0,2.3804761428476167,7,Jacques Laffite,pre-1980
172,1980,4.8,3.3928028399998595,10,Jacques Laffite,1980–1999
172,1981,3.0,1.8708286933869707,9,Jacques Laffite,1980–1999
172,1983,6.25,2.5495097567963922,8,Jacques Laffite,1980–1999
172,1984,7.8,3.898717737923586,5,Jacques Laffite,1980–1999
172,1985,6.375,3.7392703642746747,8,Jacques Laffite,1980–1999
172,1986,4.833333333333333,1.9407902170679514,6,Jacques Laffite,1980–1999
173,1979,9.857142857142858,4.059087394500207,7,Elio de Angelis,pre-1980
173,1980,7.625,4.533604683755678,8,Elio de Angelis,1980–1999
173,1981,5.6,0.9660917830792958,10,Elio de Angelis,1980–1999
173,1982,4.625,1.995530720671285,8,Elio de Angelis,1980–1999
173,1984,4.166666666666667,1.3371158468430429,12,Elio de Angelis,1980–1999
173,1985,4.2727272727272725,1.4206272622267313,11,Elio de Angelis,1980–1999
174,1986,7.166666666666667,1.6020819787597222,6,Johnny Dumfries,1980–1999
175,1978,7.2,2.3475755815545343,10,Patrick Tambay,pre-1980
175,1979,10.0,2.1213203435596424,5,Patrick Tambay,pre-1980
175,1981,9.4,2.8809720581775866,5,Patrick Tambay,1980–1999
175,1982,3.6666666666666665,2.422120283277993,6,Patrick Tambay,1980–1999
175,1983,3.111111111111111,1.2692955176439846,9,Patrick Tambay,1980–1999
175,1984,5.714285714285714,1.9760470401187074,7,Patrick Tambay,1980–1999
175,1985,6.625,3.1594529363709247,8,Patrick Tambay,1980–1999
176,1980,9.8,2.2803508501982757,5,Marc Surer,1980–1999
176,1981,9.333333333333334,3.082207001484488,9,Marc Surer,1980–1999
176,1982,8.88888888888889,3.2956199888808646,9,Marc Surer,1980–1999
176,1983,9.0,3.3763886032268267,11,Marc Surer,1980–1999
176,1984,8.2,1.9235384061671343,5,Marc Surer,1980–1999
176,1985,8.666666666666666,3.4999999999999996,9,Marc Surer,1980–1999
177,1980,8.428571428571429,4.1576092031015,7,Keke Rosberg,1980–1999
177,1982,3.6363636363636362,2.013590190318143,11,Keke Rosberg,1980–1999
177,1983,6.0,3.492849839314596,11,Keke Rosberg,1980–1999
177,1984,4.166666666666667,2.562550812504343,6,Keke Rosberg,1980–1999
177,1985,4.111111111111111,3.6552853665768845,9,Keke Rosberg,1980–1999
177,1986,4.625,1.9955307206712847,8,Keke Rosberg,1980–1999
178,1975,11.0,4.06201920231798,5,Alan Jones,pre-1980
178,1976,9.0,3.858612300930075,10,Alan Jones,pre-1980
178,1977,5.875,4.85320218294802,8,Alan Jones,pre-1980
178,1978,7.666666666666667,3.5355339059327378,9,Alan Jones,pre-1980
178,1979,3.625,3.50255009141299,8,Alan Jones,pre-1980
178,1980,2.5454545454545454,2.910794955459294,11,Alan Jones,1980–1999
178,1981,5.5,5.178627406773132,12,Alan Jones,1980–1999
178,1986,8.0,2.9154759474226504,5,Alan Jones,1980–1999
182,1972,12.125,3.870677312453578,8,Niki Lauda,pre-1980
182,1973,9.4,3.2093613071762426,5,Niki Lauda,pre-1980
182,1974,4.142857142857143,5.398412465054625,7,Niki Lauda,pre-1980
182,1975,3.3076923076923075,2.42846369077981,13,Niki Lauda,pre-1980
182,1976,2.4545454545454546,2.1148823307047775,11,Niki Lauda,pre-1980
182,1977,2.25,1.2154310870109943,12,Niki Lauda,pre-1980
182,1978,2.0,0.816496580927726,7,Niki Lauda,pre-1980
182,1982,3.7142857142857144,2.4299715851758235,7,Niki Lauda,1980–1999
182,1983,6.833333333333333,4.355073669487885,6,Niki Lauda,1980–1999
182,1984,1.7,0.9486832980505138,10,Niki Lauda,1980–1999
183,1984,8.6,1.3416407864998738,5,François Hesnault,1980–1999
184,1982,8.857142857142858,2.340126166724879,7,Mauro Baldi,1980–1999
184,1983,8.333333333333334,2.7325202042558927,6,Mauro Baldi,1980–1999
185,1985,8.571428571428571,3.2071349029490928,7,Stefan Bellof,1980–1999
187,1974,9.181818181818182,3.6281725928677044,11,John Watson,pre-1980
187,1975,10.875,2.5319388392523003,8,John Watson,pre-1980
187,1976,6.3,3.368151487751767,10,John Watson,pre-1980
187,1977,6.6,3.714835124201342,5,John Watson,pre-1980
187,1978,4.7,2.0027758514399734,10,John Watson,pre-1980
187,1979,6.2,2.485513584307633,10,John Watson,pre-1980
187,1980,7.5,3.1464265445104544,6,John Watson,1980–1999
187,1981,5.2,3.011090610836324,10,John Watson,1980–1999
187,1982,5.090909090909091,3.910359202286804,11,John Watson,1980–1999
187,1983,5.125,2.8504385627478452,8,John Watson,1980–1999
188,1983,10.5,2.4289915602982237,6,Johnny Cecotto,1980–1999
192,1982,10.5,3.8858718455450894,6,Chico Serra,1980–1999
193,1983,9.857142857142858,3.236694374850748,7,Danny Sullivan,1980–1999
194,1982,10.0,3.605551275463989,5,Eliseo Salazar,1980–1999
196,1983,10.666666666666666,2.875181153713043,6,Raul Boesel,1980–1999
197,1974,8.428571428571429,3.598941643369749,7,Jean-Pierre Jarier,pre-1980
197,1976,11.25,3.695820735518825,12,Jean-Pierre Jarier,pre-1980
197,1977,9.714285714285714,2.5634797778466227,7,Jean-Pierre Jarier,pre-1980
197,1979,5.571428571428571,2.699206232527312,7,Jean-Pierre Jarier,pre-1980
197,1980,8.625,4.0686080455816125,8,Jean-Pierre Jarier,1980–1999
197,1981,8.4,1.1401754250991378,5,Jean-Pierre Jarier,1980–1999
197,1983,8.833333333333334,1.1690451944500124,6,Jean-Pierre Jarier,1980–1999
199,1972,8.8,3.7013511046643495,5,Carlos Reutemann,pre-1980
199,1973,5.777777777777778,2.6352313834736494,9,Carlos Reutemann,pre-1980
199,1974,5.222222222222222,3.9616214413349042,9,Carlos Reutemann,pre-1980
199,1975,5.583333333333333,4.581749037477309,12,Carlos Reutemann,pre-1980
199,1977,4.846153846153846,3.647970985039808,13,Carlos Reutemann,pre-1980
199,1978,5.25,5.101247619232698,12,Carlos Reutemann,pre-1980
199,1979,5.222222222222222,3.5978388574871505,9,Carlos Reutemann,pre-1980
199,1980,3.090909090909091,1.4459976109624424,11,Carlos Reutemann,1980–1999
199,1981,4.25,3.30633001707606,12,Carlos Reutemann,1980–1999
200,1975,5.222222222222222,3.80058475033046,9,Jochen Mass,pre-1980
200,1976,6.583333333333333,3.5280263174995867,12,Jochen Mass,pre-1980
200,1977,4.555555555555555,2.0069324297987157,9,Jochen Mass,pre-1980
200,1978,10.666666666666666,2.3380903889000244,6,Jochen Mass,pre-1980
200,1979,8.555555555555555,3.0867098629086893,9,Jochen Mass,pre-1980
200,1980,8.625,2.924648941081891,8,Jochen Mass,1980–1999
200,1982,9.333333333333334,1.9663841605003505,6,Jochen Mass,1980–1999
202,1978,8.1,3.178049716414141,10,Didier Pironi,pre-1980
202,1979,6.333333333333333,2.82842712474619,9,Didier Pironi,pre-1980
202,1980,3.5,1.7728105208558365,8,Didier Pironi,1980–1999
202,1981,7.5,3.625307868699863,8,Didier Pironi,1980–1999
202,1982,5.0,5.522680508593631,9,Didier Pironi,1980–1999
203,1978,6.8,3.359894178227774,10,Gilles Villeneuve,pre-1980
203,1979,4.333333333333333,4.007568597117966,12,Gilles Villeneuve,pre-1980
203,1980,7.625,3.583194903195431,8,Gilles Villeneuve,1980–1999
203,1981,4.333333333333333,3.559026084010437,6,Gilles Villeneuve,1980–1999
205,1982,8.714285714285714,1.3801311186847083,7,Brian Henton,1980–1999
206,1980,8.571428571428571,3.644957377763735,7,Derek Daly,1980–1999
206,1982,7.111111111111111,2.891558595482912,9,Derek Daly,1980–1999
207,1975,9.166666666666666,4.875106836436168,6,Mario Andretti,pre-1980
207,1976,5.0,3.5118845842842465,7,Mario Andretti,pre-1980
207,1977,4.5,4.32691832858239,10,Mario Andretti,pre-1980
207,1978,3.8333333333333335,3.761849963982502,12,Mario Andretti,pre-1980
207,1979,5.166666666666667,2.48327740429189,6,Mario Andretti,pre-1980
207,1980,8.0,2.3452078799117144,5,Mario Andretti,1980–1999
207,1981,7.714285714285714,1.889822365046136,7,Mario Andretti,1980–1999
211,1977,9.833333333333334,2.3166067138525404,6,Rupert Keegan,pre-1980
212,1981,5.2,2.16794833886788,5,Hector Rebaque,1980–1999
221,1974,6.636363636363637,2.5009089256799126,11,Patrick Depailler,pre-1980
221,1975,7.2727272727272725,2.935673997258861,11,Patrick Depailler,pre-1980
221,1976,3.8,2.573367875415838,10,Patrick Depailler,pre-1980
221,1977,6.375,4.749060057376767,8,Patrick Depailler,pre-1980
221,1978,3.875,3.1367635732209265,8,Patrick Depailler,pre-1980
221,1979,3.4,1.816590212458495,5,Patrick Depailler,pre-1980
222,1974,4.2727272727272725,3.5522080201167583,11,Jody Scheckter,pre-1980
222,1975,7.090909090909091,4.253340932832576,11,Jody Scheckter,pre-1980
222,1976,3.5,1.6236882817719773,12,Jody Scheckter,pre-1980
222,1977,2.9,2.64365067451978,10,Jody Scheckter,pre-1980
222,1978,6.0,4.2130748865881795,9,Jody Scheckter,pre-1980
222,1979,3.3076923076923075,1.9741924671712983,13,Jody Scheckter,pre-1980
222,1980,9.88888888888889,2.6666666666666665,9,Jody Scheckter,1980–1999
223,1970,4.0,4.123105625617661,7,Clay Regazzoni,pre-1980
223,1972,5.666666666666667,3.723797345005051,6,Clay Regazzoni,pre-1980
223,1973,8.2,1.8737959096740262,10,Clay Regazzoni,pre-1980
223,1974,3.5833333333333335,2.6097137890209456,12,Clay Regazzoni,pre-1980
223,1975,6.222222222222222,5.019406782125198,9,Clay Regazzoni,pre-1980
223,1976,6.0,3.9772077916777016,12,Clay Regazzoni,pre-1980
223,1977,6.5,1.51657508881031,6,Clay Regazzoni,pre-1980
223,1978,10.666666666666666,4.760952285695233,6,Clay Regazzoni,pre-1980
223,1979,5.6,4.477102237434884,10,Clay Regazzoni,pre-1980
224,1971,4.666666666666667,2.422120283277993,6,Emerson Fittipaldi,pre-1980
224,1972,2.5555555555555554,3.2446537223219645,9,Emerson Fittipaldi,pre-1980
224,1973,3.5454545454545454,3.327570776516598,11,Emerson Fittipaldi,pre-1980
224,1974,3.5833333333333335,2.7122058561364044,12,Emerson Fittipaldi,pre-1980
224,1975,3.8,3.0477678535099892,10,Emerson Fittipaldi,pre-1980
224,1976,10.625,4.438065859293728,8,Emerson Fittipaldi,pre-1980
224,1977,9.4,4.948624949305502,10,Emerson Fittipaldi,pre-1980
224,1978,6.0,2.4037008503093262,10,Emerson Fittipaldi,pre-1980
224,1979,9.125,2.356601669474803,8,Emerson Fittipaldi,pre-1980
224,1980,9.166666666666666,4.355073669487884,6,Emerson Fittipaldi,1980–1999
229,1976,11.166666666666666,3.9707262140150976,6,Harald Ertl,pre-1980
230,1974,9.857142857142858,2.1157009420498154,7,Vittorio Brambilla,pre-1980
230,1975,5.6,2.9664793948382653,5,Vittorio Brambilla,pre-1980
230,1976,9.0,3.1622776601683795,5,Vittorio Brambilla,pre-1980
230,1977,9.333333333333334,4.478906793025064,12,Vittorio Brambilla,pre-1980
230,1978,11.714285714285714,4.680252333449759,7,Vittorio Brambilla,pre-1980
231,1973,5.166666666666667,2.6394443859772205,6,James Hunt,pre-1980
231,1974,5.333333333333333,3.265986323710904,6,James Hunt,pre-1980
231,1975,3.25,1.752549163769328,8,James Hunt,pre-1980
231,1976,2.0,1.4907119849998598,10,James Hunt,pre-1980
231,1977,4.222222222222222,3.7675515184857717,9,James Hunt,pre-1980
231,1978,6.333333333333333,2.581988897471611,6,James Hunt,pre-1980
232,1973,8.857142857142858,4.879500364742666,7,Arturo Merzario,pre-1980
233,1976,6.4,3.3615472627943226,5,Hans-Joachim Stuck,pre-1980
233,1977,5.875,2.295181287579947,8,Hans-Joachim Stuck,pre-1980
235,1968,3.0,1.0954451150103321,6,Jacky Ickx,pre-1980
235,1969,3.75,3.1052950170405937,8,Jacky Ickx,pre-1980
235,1970,2.857142857142857,2.5448360411214073,7,Jacky Ickx,pre-1980
235,1971,4.4,3.361547262794322,5,Jacky Ickx,pre-1980
235,1972,5.5,4.3094580368566735,8,Jacky Ickx,pre-1980
235,1973,6.444444444444445,2.697735676039774,9,Jacky Ickx,pre-1980
235,1974,6.666666666666667,4.273952113286562,6,Jacky Ickx,pre-1980
235,1975,9.0,4.381780460041329,6,Jacky Ickx,pre-1980
235,1976,10.666666666666666,3.32665998663324,6,Jacky Ickx,pre-1980
237,1977,10.8,2.949576240750525,5,Alex Ribeiro,pre-1980
238,1971,4.222222222222222,2.948634335492355,9,Ronnie Peterson,pre-1980
238,1972,7.1,3.0349812373573437,10,Ronnie Peterson,pre-1980
238,1973,3.6666666666666665,4.2130748865881795,9,Ronnie Peterson,pre-1980
238,1974,5.222222222222222,4.352521619066865,9,Ronnie Peterson,pre-1980
238,1975,9.125,4.323936698360485,8,Ronnie Peterson,pre-1980
238,1976,8.666666666666666,5.955389715767278,6,Ronnie Peterson,pre-1980
238,1977,8.428571428571429,4.429339411136565,7,Ronnie Peterson,pre-1980
238,1978,2.4444444444444446,1.3333333333333333,9,Ronnie Peterson,pre-1980
239,1976,13.142857142857142,2.410295378065479,7,Brett Lunger,pre-1980
239,1977,11.0,1.690308509457033,8,Brett Lunger,pre-1980
239,1978,10.0,2.6832815729997477,6,Brett Lunger,pre-1980
243,1970,6.166666666666667,3.125166662222459,6,Rolf Stommelen,pre-1980
243,1971,8.5,2.8809720581775866,6,Rolf Stommelen,pre-1980
243,1972,12.0,2.5495097567963922,5,Rolf Stommelen,pre-1980
243,1978,12.833333333333334,3.0605010483034754,6,Rolf Stommelen,pre-1980
246,1977,10.333333333333334,1.505545305418162,6,Hans Binder,pre-1980
250,1972,10.8,5.848076606885378,5,Carlos Pace,pre-1980
250,1973,9.0,5.228129047119374,7,Carlos Pace,pre-1980
250,1974,8.0,4.0,8,Carlos Pace,pre-1980
250,1975,3.8333333333333335,2.4832774042918904,6,Carlos Pace,pre-1980
250,1976,7.222222222222222,2.1666666666666665,9,Carlos Pace,pre-1980
252,1975,6.571428571428571,3.0472470011002204,7,Tom Pryce,pre-1980
252,1976,7.25,2.454124543035107,12,Tom Pryce,pre-1980
255,1976,7.0,4.427188724235731,6,Gunnar Nilsson,pre-1980
255,1977,7.125,5.841660722773962,8,Gunnar Nilsson,pre-1980
258,1977,11.571428571428571,3.779644730092272,7,Patrick Nève,pre-1980
262,1973,9.4,4.39317652729776,5,Jackie Oliver,pre-1980
265,1974,10.6,3.2093613071762426,5,Guy Edwards,pre-1980
275,1975,12.4,5.594640292279746,5,Lella Lombardi,pre-1980
277,1976,11.6,1.3416407864998738,5,Michel Leclère,pre-1980
278,1967,4.75,2.3145502494313783,8,Chris Amon,pre-1980
278,1970,4.5,2.2038926600773587,8,Chris Amon,pre-1980
278,1971,6.833333333333333,3.430257521916783,6,Chris Amon,pre-1980
278,1972,8.333333333333334,5.099019513592785,9,Chris Amon,pre-1980
280,1970,7.3,2.9078437983419185,10,Henri Pescarolo,pre-1980
280,1972,11.4,2.3021728866442674,5,Henri Pescarolo,pre-1980
280,1974,12.6,3.5777087639996634,5,Henri Pescarolo,pre-1980
288,1975,7.333333333333333,2.250925735484551,6,Mark Donohue,pre-1980
289,1962,3.0,2.8284271247461903,9,Graham Hill,pre-1980
289,1963,4.428571428571429,5.223572942509207,7,Graham Hill,pre-1980
289,1964,3.5,3.3380918415851206,8,Graham Hill,pre-1980
289,1965,2.7777777777777777,1.5634719199411433,9,Graham Hill,pre-1980
289,1968,2.75,2.712405363721075,8,Graham Hill,pre-1980
289,1969,5.142857142857143,2.9113897843110044,7,Graham Hill,pre-1980
289,1970,6.2,2.280350850198276,5,Graham Hill,pre-1980
289,1971,8.0,2.0,5,Graham Hill,pre-1980
289,1972,8.5,2.6186146828319083,8,Graham Hill,pre-1980
289,1973,12.5,2.588435821108957,6,Graham Hill,pre-1980
289,1974,10.083333333333334,2.7122058561364044,12,Graham Hill,pre-1980
290,1972,8.6,2.073644135332772,5,Wilson Fittipaldi,pre-1980
290,1973,9.833333333333334,3.9707262140150976,6,Wilson Fittipaldi,pre-1980
290,1975,13.666666666666666,3.559026084010437,6,Wilson Fittipaldi,pre-1980
294,1975,9.5,4.277849927241488,6,Tony Brise,pre-1980
304,1967,2.3333333333333335,1.0,9,Denny Hulme,pre-1980
304,1968,3.75,2.187627547301936,8,Denny Hulme,pre-1980
304,1969,4.714285714285714,2.4299715851758235,7,Denny Hulme,pre-1980
304,1970,3.75,1.4880476182856899,8,Denny Hulme,pre-1980
304,1971,6.2,3.3466401061363023,5,Denny Hulme,pre-1980
304,1972,4.4,4.087922591134904,10,Denny Hulme,pre-1980
304,1973,6.857142857142857,4.054572781386522,14,Denny Hulme,pre-1980
304,1974,6.1,3.1073389830457114,10,Denny Hulme,pre-1980
305,1964,8.4,2.1908902300206643,5,Mike Hailwood,pre-1980
305,1972,6.6,5.9833101206606365,5,Mike Hailwood,pre-1980
305,1973,9.6,2.701851217221259,5,Mike Hailwood,pre-1980
305,1974,6.75,3.882193783343198,8,Mike Hailwood,pre-1980
306,1968,5.833333333333333,2.48327740429189,6,Jean-Pierre Beltoise,pre-1980
306,1969,5.111111111111111,2.3687784005919825,9,Jean-Pierre Beltoise,pre-1980
306,1970,5.875,3.313931631332013,8,Jean-Pierre Beltoise,pre-1980
306,1971,7.4,1.1401754250991378,5,Jean-Pierre Beltoise,pre-1980
306,1972,8.666666666666666,4.589843860815601,6,Jean-Pierre Beltoise,pre-1980
306,1973,7.428571428571429,3.5523298860110977,7,Jean-Pierre Beltoise,pre-1980
306,1974,7.333333333333333,3.8815804341359033,6,Jean-Pierre Beltoise,pre-1980
307,1971,7.333333333333333,2.503331114069145,6,Howden Ganley,pre-1980
307,1972,8.0,2.6076809620810595,6,Howden Ganley,pre-1980
307,1973,9.75,2.604940361258638,8,Howden Ganley,pre-1980
309,1972,5.625,5.2355242608275905,8,Peter Revson,pre-1980
309,1973,4.454545454545454,2.6967994498529686,11,Peter Revson,pre-1980
314,1971,8.666666666666666,3.559026084010437,6,Tim Schenken,pre-1980
314,1972,10.333333333333334,4.546060565661952,6,Tim Schenken,pre-1980
317,1971,5.4,1.6733200530681511,5,Reine Wisell,pre-1980
320,1971,8.5,4.230839160261236,6,Peter Gethin,pre-1980
327,1970,8.0,2.0,5,François Cevert,pre-1980
327,1971,4.428571428571429,3.3094381626464866,7,François Cevert,pre-1980
327,1972,6.0,3.7416573867739413,6,François Cevert,pre-1980
327,1973,3.5454545454545454,2.46429041972071,11,François Cevert,pre-1980
328,1965,3.0,1.8257418583505538,7,Jackie Stewart,pre-1980
328,1968,3.625,2.5035688811888406,8,Jackie Stewart,pre-1980
328,1969,1.5,1.0690449676496976,8,Jackie Stewart,pre-1980
328,1970,3.4,3.2093613071762426,5,Jackie Stewart,pre-1980
328,1971,2.6666666666666665,3.391164991562634,9,Jackie Stewart,pre-1980
328,1972,3.5,3.7032803990902057,8,Jackie Stewart,pre-1980
328,1973,3.076923076923077,2.5968422639024005,13,Jackie Stewart,pre-1980
329,1972,12.666666666666666,3.7237973450050514,6,Mike Beuttler,pre-1980
329,1973,10.428571428571429,2.8784916685156974,7,Mike Beuttler,pre-1980
332,1973,10.571428571428571,4.894116973712515,7,George Follmer,pre-1980
333,1972,10.4,4.61519230368573,5,Andrea de Adamich,pre-1980
338,1972,13.0,3.605551275463989,5,David Walker,pre-1980
341,1962,3.6,1.51657508881031,5,John Surtees,pre-1980
341,1963,3.8,3.1144823004794877,5,John Surtees,pre-1980
341,1964,1.8333333333333333,0.752772652709081,6,John Surtees,pre-1980
341,1965,3.8,1.9235384061671346,5,John Surtees,pre-1980
341,1967,3.6,1.8165902124584947,5,John Surtees,pre-1980
341,1971,9.0,3.8913824205360674,8,John Surtees,pre-1980
345,1967,6.142857142857143,3.1847852585154217,7,Pedro Rodríguez,pre-1980
345,1968,3.6,1.51657508881031,5,Pedro Rodríguez,pre-1980
345,1970,5.25,3.1509635714446826,8,Pedro Rodríguez,pre-1980
346,1964,7.666666666666667,3.8815804341359033,6,Jo Siffert,pre-1980
346,1965,8.0,2.9277002188455996,8,Jo Siffert,pre-1980
346,1967,7.4,3.5777087639996634,5,Jo Siffert,pre-1980
346,1968,6.166666666666667,3.2506409624359724,6,Jo Siffert,pre-1980
346,1969,5.571428571428571,2.7602622373694166,7,Jo Siffert,pre-1980
346,1970,8.5,1.0488088481701516,6,Jo Siffert,pre-1980
346,1971,5.714285714285714,3.450327796711771,7,Jo Siffert,pre-1980
347,1961,8.0,2.8284271247461903,6,Jo Bonnier,pre-1980
347,1962,7.6,3.1304951684997055,5,Jo Bonnier,pre-1980
347,1963,6.875,1.9594095320493148,8,Jo Bonnier,pre-1980
347,1965,7.2,0.44721359549995787,5,Jo Bonnier,pre-1980
356,1958,7.0,2.3664319132398464,6,Jack Brabham,pre-1980
356,1959,2.3333333333333335,1.2110601416389966,6,Jack Brabham,pre-1980
356,1960,1.5,1.224744871391589,6,Jack Brabham,pre-1980
356,1962,5.4,1.6733200530681511,5,Jack Brabham,pre-1980
356,1963,6.285714285714286,3.728908942943218,7,Jack Brabham,pre-1980
356,1964,7.5,4.847679857416329,6,Jack Brabham,pre-1980
356,1966,1.6666666666666667,1.2110601416389966,6,Jack Brabham,pre-1980
356,1967,2.7777777777777777,1.7873008824606014,9,Jack Brabham,pre-1980
356,1970,6.0,5.0990195135927845,7,Jack Brabham,pre-1980
358,1965,8.6,3.974921382870358,5,Jochen Rindt,pre-1980
358,1966,3.3333333333333335,1.2110601416389968,6,Jochen Rindt,pre-1980
358,1970,3.0,4.898979485566356,6,Jochen Rindt,pre-1980
360,1960,2.4285714285714284,0.9759000729485332,7,Bruce McLaren,pre-1980
360,1961,6.285714285714286,2.984084768360628,7,Bruce McLaren,pre-1980
360,1962,3.0,1.2909944487358058,7,Bruce McLaren,pre-1980
360,1963,5.833333333333333,4.445971959725642,6,Bruce McLaren,pre-1980
360,1964,4.8,2.588435821108957,5,Bruce McLaren,pre-1980
360,1965,5.6,2.6076809620810595,5,Bruce McLaren,pre-1980
360,1968,5.571428571428571,4.27617987059879,7,Bruce McLaren,pre-1980
360,1969,3.875,1.1259916264596035,8,Bruce McLaren,pre-1980
361,1969,4.8,3.2710854467592254,5,Piers Courage,pre-1980
364,1961,5.125,2.9489707647632883,8,Dan Gurney,pre-1980
364,1962,6.2,4.8166378315169185,5,Dan Gurney,pre-1980
364,1963,5.333333333333333,4.546060565661952,6,Dan Gurney,pre-1980
364,1964,6.833333333333333,5.036533199202271,6,Dan Gurney,pre-1980
364,1965,4.142857142857143,2.9113897843110044,7,Dan Gurney,pre-1980
370,1965,10.166666666666666,3.488074922742725,6,Richard Attwood,pre-1980
373,1960,9.0,6.442049363362563,5,Jim Clark,pre-1980
373,1961,6.5,3.8340579025361627,6,Jim Clark,pre-1980
373,1962,3.2,3.492849839314596,5,Jim Clark,pre-1980
373,1963,2.0,2.211083193570267,10,Jim Clark,pre-1980
373,1964,4.857142857142857,5.047394424471944,7,Jim Clark,pre-1980
373,1965,2.2857142857142856,3.401680257083045,7,Jim Clark,pre-1980
373,1967,2.1666666666666665,2.0412414523193148,6,Jim Clark,pre-1980
374,1965,6.285714285714286,2.811540841738193,7,Mike Spence,pre-1980
374,1967,5.666666666666667,1.2110601416389966,6,Mike Spence,pre-1980
383,1964,7.666666666666667,3.32665998663324,6,Bob Anderson,pre-1980
385,1964,4.857142857142857,3.38765264987284,7,Lorenzo Bandini,pre-1980
385,1965,7.222222222222222,3.8333333333333335,9,Lorenzo Bandini,pre-1980
386,1961,6.0,4.898979485566356,6,Richie Ginther,pre-1980
386,1962,6.6,4.39317652729776,5,Richie Ginther,pre-1980
386,1963,3.125,1.1259916264596033,8,Richie Ginther,pre-1980
386,1964,5.5,2.9154759474226504,10,Richie Ginther,pre-1980
386,1965,6.8,4.658325879540847,5,Richie Ginther,pre-1980
394,1964,9.0,2.0,5,Giancarlo Baghetti,pre-1980
401,1963,9.0,2.6457513110645907,5,Trevor Taylor,pre-1980
403,1959,3.4,1.6733200530681511,5,Phil Hill,pre-1980
403,1960,5.857142857142857,3.6253078686998625,7,Phil Hill,pre-1980
403,1961,3.0,2.7688746209726918,7,Phil Hill,pre-1980
403,1964,7.8,1.3038404810405297,5,Phil Hill,pre-1980
404,1960,5.0,2.70801280154532,7,Innes Ireland,pre-1980
404,1964,8.4,3.2093613071762426,5,Innes Ireland,pre-1980
408,1962,5.571428571428571,2.439750182371333,7,Tony Maggs,pre-1980
408,1963,6.0,2.3664319132398464,6,Tony Maggs,pre-1980
427,1954,3.8,1.3038404810405297,5,Maurice Trintignant,pre-1980
427,1955,4.0,2.9154759474226504,5,Maurice Trintignant,pre-1980
427,1958,6.0,3.22490309931942,6,Maurice Trintignant,pre-1980
427,1959,5.75,3.1959796173138706,8,Maurice Trintignant,pre-1980
430,1961,12.4,3.5071355833500366,5,Carel Godin de Beaufort,pre-1980
430,1962,9.571428571428571,3.3094381626464866,7,Carel Godin de Beaufort,pre-1980
430,1963,8.5,1.9748417658131499,6,Carel Godin de Beaufort,pre-1980
440,1963,8.0,2.081665999466133,7,Jim Hall,pre-1980
456,1958,6.125,3.1367635732209265,8,Roy Salvadori,pre-1980
475,1955,3.6,3.2093613071762426,5,Stirling Moss,pre-1980
475,1956,2.4,1.6733200530681511,5,Stirling Moss,pre-1980
475,1957,3.2,3.1937438845342623,5,Stirling Moss,pre-1980
475,1958,1.2,0.4472135954999579,5,Stirling Moss,pre-1980
476,1960,6.625,2.445841952609133,8,Wolfgang von Trips,pre-1980
476,1961,2.0,1.224744871391589,5,Wolfgang von Trips,pre-1980
477,1958,7.166666666666667,2.401388487243717,6,Cliff Allison,pre-1980
479,1959,3.2,3.3466401061363023,5,Tony Brooks,pre-1980
479,1961,8.666666666666666,4.08248290463863,6,Tony Brooks,pre-1980
482,1960,6.6,4.159326868617084,5,Olivier Gendebien,pre-1980
498,1951,2.0,0.7071067811865476,5,José Froilán González,pre-1980
498,1954,2.5,1.0488088481701514,6,José Froilán González,pre-1980
501,1957,4.8,1.4832396974191326,5,Harry Schell,pre-1980
501,1958,4.857142857142857,1.3451854182690985,7,Harry Schell,pre-1980
501,1959,6.0,1.4142135623730951,5,Harry Schell,pre-1980
554,1955,4.8,1.3038404810405297,5,Jean Behra,pre-1980
554,1956,3.5,1.760681686165901,6,Jean Behra,pre-1980
578,1953,3.75,1.4880476182856899,8,Mike Hawthorn,pre-1980
578,1954,2.2,1.0954451150103321,5,Mike Hawthorn,pre-1980
578,1958,2.375,1.1877349391654208,8,Mike Hawthorn,pre-1980
579,1951,3.857142857142857,4.2594432902501635,7,Juan Fangio,pre-1980
579,1953,2.2,1.0954451150103324,5,Juan Fangio,pre-1980
579,1954,1.625,1.1877349391654208,8,Juan Fangio,pre-1980
579,1955,1.2,0.4472135954999579,5,Juan Fangio,pre-1980
579,1956,2.875,2.416461403433896,8,Juan Fangio,pre-1980
579,1957,1.3333333333333333,0.5163977794943223,6,Juan Fangio,pre-1980
581,1956,1.6,0.5477225575051661,5,Peter Collins,pre-1980
627,1950,4.2,1.3038404810405297,5,Louis Rosier,pre-1980
627,1951,7.5,2.073644135332772,6,Louis Rosier,pre-1980
627,1953,9.833333333333334,3.250640962435973,6,Louis Rosier,pre-1980
633,1951,3.4,0.5477225575051662,5,Luigi Villoresi,pre-1980
633,1953,4.5,2.5099800796022267,6,Luigi Villoresi,pre-1980
641,1952,3.4,2.3021728866442674,5,Piero Taruffi,pre-1980
642,1950,2.8,2.6832815729997477,5,Nino Farina,pre-1980
642,1951,3.0,1.4142135623730951,5,Nino Farina,pre-1980
642,1952,3.0,1.6733200530681511,6,Nino Farina,pre-1980
642,1953,2.5,1.378404875209022,6,Nino Farina,pre-1980
647,1951,2.6666666666666665,1.9663841605003503,6,Alberto Ascari,pre-1980
647,1952,1.0,0.0,6,Alberto Ascari,pre-1980
647,1953,2.4285714285714284,2.699206232527312,7,Alberto Ascari,pre-1980
786,1950,2.2,0.44721359549995787,5,Luigi Fagioli,pre-1980
807,2010,11.933333333333334,3.4737107920301407,15,Nico Hülkenberg,2000–2013
807,2012,9.777777777777779,4.194612168226052,18,Nico Hülkenberg,2000–2013
807,2013,10.058823529411764,3.8644305569400217,17,Nico Hülkenberg,2000–2013
807,2014,7.705882352941177,2.365499574147947,17,Nico Hülkenberg,2014–present
807,2015,8.76923076923077,3.269909431820351,13,Nico Hülkenberg,2014–present
807,2016,9.058823529411764,3.831947746174491,17,Nico Hülkenberg,2014–present
807,2017,10.071428571428571,3.730627617115171,14,Nico Hülkenberg,2014–present
807,2018,8.071428571428571,2.6736401493753137,14,Nico Hülkenberg,2014–present
807,2019,10.294117647058824,2.8232230225921082,17,Nico Hülkenberg,2014–present
807,2023,14.285714285714286,2.7229186022144907,21,Nico Hülkenberg,2014–present
807,2024,10.666666666666666,3.183289703016886,21,Nico Hülkenberg,2014–present
808,2010,11.428571428571429,3.694367557289291,14,Vitaly Petrov,2000–2013
808,2011,10.6875,3.7897889123274404,16,Vitaly Petrov,2000–2013
808,2012,16.235294117647058,2.1368613597021766,17,Vitaly Petrov,2000–2013
810,2010,17.6,1.897366596101028,10,Lucas di Grassi,2000–2013
811,2010,17.444444444444443,2.4037008503093267,9,Bruno Senna,2000–2013
811,2011,13.875,2.6423744732991303,8,Bruno Senna,2000–2013
811,2012,12.11111111111111,4.509974421329432,18,Bruno Senna,2000–2013
812,2010,16.875,2.2951812875799473,8,Karun Chandhok,2000–2013
813,2011,14.615384615384615,2.7549489268847775,13,Pastor Maldonado,2000–2013
813,2012,11.533333333333333,4.673124783064885,15,Pastor Maldonado,2000–2013
813,2013,13.625,2.3909551787239063,16,Pastor Maldonado,2000–2013
813,2014,13.692307692307692,2.42846369077981,13,Pastor Maldonado,2014–present
813,2015,9.9,2.9981475762358474,10,Pastor Maldonado,2014–present
814,2011,11.055555555555555,2.9797793487639757,18,Paul di Resta,2000–2013
814,2012,10.421052631578947,3.5326381308793424,19,Paul di Resta,2000–2013
814,2013,10.2,4.522957313212547,15,Paul di Resta,2000–2013
815,2011,11.692307692307692,3.092588327615327,13,Sergio Pérez,2000–2013
815,2012,8.857142857142858,4.166849812824715,14,Sergio Pérez,2000–2013
815,2013,10.157894736842104,3.7007980805156797,19,Sergio Pérez,2000–2013
815,2014,8.866666666666667,2.7481595573002946,15,Sergio Pérez,2014–present
815,2015,8.555555555555555,3.052910322611605,18,Sergio Pérez,2014–present
815,2016,8.571428571428571,3.735925970511575,21,Sergio Pérez,2014–present
815,2017,7.894736842105263,2.9607569760696384,19,Sergio Pérez,2014–present
815,2018,9.789473684210526,3.583588322220885,19,Sergio Pérez,2014–present
815,2019,9.894736842105264,3.1072448825662127,19,Sergio Pérez,2014–present
815,2020,6.5,4.164871408117404,14,Sergio Pérez,2014–present
815,2021,6.6,4.946024453511814,20,Sergio Pérez,2014–present
815,2022,3.95,3.6917404253848964,20,Sergio Pérez,2014–present
815,2023,4.5,3.5318103304858144,20,Sergio Pérez,2014–present
815,2024,7.9,4.733975740937998,20,Sergio Pérez,2014–present
816,2011,18.1875,2.3443193752842917,16,Jérôme d'Ambrosio,2000–2013
817,2011,19.25,1.2817398889233118,8,Daniel Ricciardo,2000–2013
817,2012,12.052631578947368,2.3207681728860172,19,Daniel Ricciardo,2000–2013
817,2013,12.1875,3.745552918684592,16,Daniel Ricciardo,2000–2013
817,2014,3.75,2.016597794967223,16,Daniel Ricciardo,2014–present
817,2015,8.294117647058824,3.8367418775953794,17,Daniel Ricciardo,2014–present
817,2016,4.380952380952381,2.39741924736143,21,Daniel Ricciardo,2014–present
817,2017,3.4285714285714284,1.2838814775327387,14,Daniel Ricciardo,2014–present
817,2018,4.0,1.5275252316519468,13,Daniel Ricciardo,2014–present
817,2019,9.4,3.3763886032268267,15,Daniel Ricciardo,2014–present
817,2020,6.75,3.1304951684997047,16,Daniel Ricciardo,2014–present
817,2021,8.095238095238095,3.576377523483251,21,Daniel Ricciardo,2014–present
817,2022,11.631578947368421,3.759588132226269,19,Daniel Ricciardo,2014–present
817,2023,12.714285714285714,2.984084768360628,7,Daniel Ricciardo,2014–present
817,2024,12.75,2.5166114784235836,16,Daniel Ricciardo,2014–present
818,2012,12.25,2.9097537123726926,16,Jean-Éric Vergne,2000–2013
818,2013,12.866666666666667,3.6226798814978842,15,Jean-Éric Vergne,2000–2013
818,2014,10.5,2.2786635759382503,14,Jean-Éric Vergne,2014–present
819,2012,17.8,2.569046515733026,15,Charles Pic,2000–2013
819,2013,16.8,1.8205179796655997,15,Charles Pic,2000–2013
820,2013,18.157894736842106,1.8031810747409969,19,Max Chilton,2000–2013
820,2014,16.153846153846153,1.9935794376846323,13,Max Chilton,2014–present
821,2013,13.294117647058824,2.8232230225921082,17,Esteban Gutiérrez,2000–2013
821,2014,15.076923076923077,2.059997510578531,13,Esteban Gutiérrez,2014–present
821,2016,13.75,2.9776948578836393,16,Esteban Gutiérrez,2014–present
822,2013,13.705882352941176,2.257340965670476,17,Valtteri Bottas,2000–2013
822,2014,5.555555555555555,2.7272529212986507,18,Valtteri Bottas,2014–present
822,2015,6.764705882352941,3.8165660574118503,17,Valtteri Bottas,2014–present
822,2016,8.526315789473685,3.3227903443513584,19,Valtteri Bottas,2014–present
822,2017,2.9473684210526314,1.5082618476808298,19,Valtteri Bottas,2014–present
822,2018,3.8947368421052633,1.8225359878204286,19,Valtteri Bottas,2014–present
822,2019,2.6842105263157894,1.7013926184468013,19,Valtteri Bottas,2014–present
822,2020,4.3125,3.8767469180572864,16,Valtteri Bottas,2014–present
822,2021,5.0,3.9257820502267258,18,Valtteri Bottas,2014–present
822,2022,10.411764705882353,4.000919012074159,17,Valtteri Bottas,2014–present
822,2023,13.368421052631579,3.5309823360234955,19,Valtteri Bottas,2014–present
822,2024,15.545454545454545,2.063913820812356,22,Valtteri Bottas,2014–present
823,2013,17.375,2.0615528128088303,16,Giedo van der Garde,2000–2013
824,2013,17.0625,1.8062391868188452,16,Jules Bianchi,2000–2013
824,2014,15.916666666666666,2.778434265858556,12,Jules Bianchi,2014–present
825,2014,9.38888888888889,2.9333556148886366,18,Kevin Magnussen,2014–present
825,2016,13.941176470588236,2.8167043738049204,17,Kevin Magnussen,2014–present
825,2017,11.466666666666667,2.7481595573002946,15,Kevin Magnussen,2014–present
825,2018,10.11111111111111,3.8636905382242253,18,Kevin Magnussen,2014–present
825,2019,13.210526315789474,3.720497985909668,19,Kevin Magnussen,2014–present
825,2020,14.727272727272727,2.6111648393354674,11,Kevin Magnussen,2014–present
825,2022,13.166666666666666,3.8539513718352216,18,Kevin Magnussen,2014–present
825,2023,14.88888888888889,3.0076156060884722,18,Kevin Magnussen,2014–present
825,2024,13.047619047619047,3.470968027455604,21,Kevin Magnussen,2014–present
826,2014,11.571428571428571,2.173769703826678,14,Daniil Kvyat,2014–present
826,2015,7.5,3.2041639575194445,16,Daniil Kvyat,2014–present
826,2016,12.0,3.81725406168211,15,Daniil Kvyat,2014–present
826,2017,12.0,2.280350850198276,11,Daniil Kvyat,2014–present
826,2019,10.666666666666666,3.3431228796194876,18,Daniil Kvyat,2014–present
826,2020,10.625,3.442382895611701,16,Daniil Kvyat,2014–present
828,2014,17.181818181818183,2.8572077914699103,11,Marcus Ericsson,2014–present
828,2015,12.0625,2.2647663602823727,16,Marcus Ericsson,2014–present
828,2016,14.9375,2.434988021873345,16,Marcus Ericsson,2014–present
828,2017,14.785714285714286,2.22498302253061,14,Marcus Ericsson,2014–present
828,2018,11.882352941176471,2.342070476660995,17,Marcus Ericsson,2014–present
829,2015,16.066666666666666,1.5337473561121309,15,Will Stevens,2014–present
830,2015,9.8,3.8766701469910267,15,Max Verstappen,2014–present
830,2016,4.888888888888889,2.948357247267763,18,Max Verstappen,2014–present
830,2017,4.230769230769231,2.314945865236239,13,Max Verstappen,2014–present
830,2018,3.4705882352941178,2.0346267181851667,17,Max Verstappen,2014–present
830,2019,3.526315789473684,1.7754004572562583,19,Max Verstappen,2014–present
830,2020,2.4166666666666665,1.3113721705515065,12,Max Verstappen,2014–present
830,2021,1.8421052631578947,1.803181074740996,19,Max Verstappen,2014–present
830,2022,2.8095238095238093,4.226334672254998,21,Max Verstappen,2014–present
830,2023,1.2727272727272727,0.8827348295047496,22,Max Verstappen,2014–present
830,2024,2.9565217391304346,2.055552588159142,23,Max Verstappen,2014–present
831,2015,10.8125,2.9488698400121582,16,Felipe Nasr,2014–present
831,2016,15.235294117647058,2.6582280697088874,17,Felipe Nasr,2014–present
832,2015,10.166666666666666,1.8989630344113089,12,Carlos Sainz,2014–present
832,2016,10.352941176470589,3.639044800332022,17,Carlos Sainz,2014–present
832,2017,8.25,2.6328346286499236,12,Carlos Sainz,2014–present
832,2018,9.473684210526315,2.735942272227077,19,Carlos Sainz,2014–present
832,2019,7.823529411764706,3.14712754185557,17,Carlos Sainz,2014–present
832,2020,6.785714285714286,3.190817870283211,14,Carlos Sainz,2014–present
832,2021,6.5,2.444624812970382,22,Carlos Sainz,2014–present
832,2022,3.5,1.632993161855452,16,Carlos Sainz,2014–present
832,2023,6.3,3.686390332589663,20,Carlos Sainz,2014–present
832,2024,4.714285714285714,3.5091716564291517,21,Carlos Sainz,2014–present
833,2015,15.5,1.977142106448322,12,Roberto Merhi,2014–present
834,2015,15.4,2.6076809620810595,5,Alexander Rossi,2014–present
835,2016,14.2,3.166791977470486,15,Jolyon Palmer,2014–present
835,2017,12.0,2.449489742783178,11,Jolyon Palmer,2014–present
836,2016,16.0625,2.719528145346787,16,Pascal Wehrlein,2014–present
836,2017,13.866666666666667,2.587515815456612,15,Pascal Wehrlein,2014–present
837,2016,18.22222222222222,2.1666666666666665,9,Rio Haryanto,2014–present
838,2017,11.714285714285714,2.334641182398154,14,Stoffel Vandoorne,2014–present
838,2018,12.473684210526315,2.589903924700931,19,Stoffel Vandoorne,2014–present
839,2016,17.0,3.1224989991992,9,Esteban Ocon,2014–present
839,2017,7.947368421052632,2.0675719579181733,19,Esteban Ocon,2014–present
839,2018,9.2,2.808151400069855,15,Esteban Ocon,2014–present
839,2020,8.307692307692308,3.1723969745450464,13,Esteban Ocon,2014–present
839,2021,9.157894736842104,3.5160450934843253,19,Esteban Ocon,2014–present
839,2022,8.2,2.440879910368821,20,Esteban Ocon,2014–present
839,2023,9.3125,3.321018919950121,16,Esteban Ocon,2014–present
839,2024,13.238095238095237,3.7537283053620425,21,Esteban Ocon,2014–present
840,2017,11.1875,4.292920528808642,16,Lance Stroll,2014–present
840,2018,13.842105263157896,2.713406180323028,19,Lance Stroll,2014–present
840,2019,12.052631578947368,3.390733847324472,19,Lance Stroll,2014–present
840,2020,7.0,3.286335345030997,11,Lance Stroll,2014–present
840,2021,10.789473684210526,3.258816202386332,19,Lance Stroll,2014–present
840,2022,11.45,2.4381831026617475,20,Lance Stroll,2014–present
840,2023,9.333333333333334,3.7416573867739418,18,Lance Stroll,2014–present
840,2024,12.619047619047619,3.63972788098493,21,Lance Stroll,2014–present
841,2019,13.65,3.4224491076912806,20,Antonio Giovinazzi,2014–present
841,2020,13.857142857142858,2.797172827012272,14,Antonio Giovinazzi,2014–present
841,2021,12.904761904761905,1.8948551898433266,21,Antonio Giovinazzi,2014–present
842,2017,13.6,1.5165750888103104,5,Pierre Gasly,2014–present
842,2018,11.125,3.4229616805723473,16,Pierre Gasly,2014–present
842,2019,8.95,4.084308870221304,20,Pierre Gasly,2014–present
842,2020,8.285714285714286,3.5176165756981495,14,Pierre Gasly,2014–present
842,2021,7.7368421052631575,3.5409054909594007,19,Pierre Gasly,2014–present
842,2022,11.578947368421053,3.024268313230385,19,Pierre Gasly,2014–present
842,2023,10.238095238095237,3.4482569786018256,21,Pierre Gasly,2014–present
842,2024,11.45,3.9266297320515955,20,Pierre Gasly,2014–present
843,2018,13.266666666666667,3.0581662728473336,15,Brendon Hartley,2014–present
844,2018,10.133333333333333,3.522715402856696,15,Charles Leclerc,2014–present
844,2019,4.2105263157894735,3.614460884472277,19,Charles Leclerc,2014–present
844,2020,7.0,3.915780041490244,13,Charles Leclerc,2014–present
844,2021,6.6,3.604091242492416,20,Charles Leclerc,2014–present
844,2022,3.3157894736842106,1.7966831037883662,19,Charles Leclerc,2014–present
844,2023,4.882352941176471,2.595244519818327,17,Charles Leclerc,2014–present
844,2024,3.9130434782608696,2.9986821875050507,23,Charles Leclerc,2014–present
845,2018,14.833333333333334,2.1760730956581074,18,Sergey Sirotkin,2014–present
846,2019,9.411764705882353,2.895229341723462,17,Lando Norris,2014–present
846,2020,7.8125,3.61881656530603,16,Lando Norris,2014–present
846,2021,6.619047619047619,3.122117718411503,21,Lando Norris,2014–present
846,2022,7.8,3.17224808215512,20,Lando Norris,2014–present
846,2023,7.428571428571429,5.590808783811413,21,Lando Norris,2014–present
846,2024,4.291666666666667,4.080485549397348,24,Lando Norris,2014–present
847,2019,15.526315789473685,1.8964417280976955,19,George Russell,2014–present
847,2020,14.615384615384615,2.930826434598881,13,George Russell,2014–present
847,2021,12.588235294117647,3.808851919040234,17,George Russell,2014–present
847,2022,4.380952380952381,2.616795568556903,21,George Russell,2014–present
847,2023,6.631578947368421,3.7890269392284384,19,George Russell,2014–present
847,2024,5.590909090909091,3.2169060987981677,22,George Russell,2014–present
848,2019,8.85,3.74552364408784,20,Alexander Albon,2014–present
848,2020,7.75,4.090639721771319,16,Alexander Albon,2014–present
848,2022,12.764705882352942,2.3326329481056884,17,Alexander Albon,2014–present
848,2023,11.11111111111111,2.72005382491919,18,Alexander Albon,2014–present
848,2024,12.705882352941176,3.255086517328551,17,Alexander Albon,2014–present
849,2020,15.428571428571429,2.8746715053613108,14,Nicholas Latifi,2014–present
849,2021,15.105263157894736,3.21273052509864,19,Nicholas Latifi,2014–present
849,2022,15.777777777777779,2.390066589167255,18,Nicholas Latifi,2014–present
852,2021,11.722222222222221,3.659083066683358,18,Yuki Tsunoda,2014–present
852,2022,13.0625,3.3360405672993045,16,Yuki Tsunoda,2014–present
852,2023,12.55,3.1701734968294724,20,Yuki Tsunoda,2014–present
852,2024,11.85,3.5284557528754696,20,Yuki Tsunoda,2014–present
853,2021,17.8125,1.4705441169852747,16,Nikita Mazepin,2014–present
854,2021,16.473684210526315,1.9541528728050928,19,Mick Schumacher,2014–present
854,2022,13.631578947368421,2.9099546830337313,19,Mick Schumacher,2014–present
855,2022,12.882352941176471,2.4464860755064723,17,Guanyu Zhou,2014–present
855,2023,13.421052631578947,2.456641552872182,19,Guanyu Zhou,2014–present
855,2024,15.227272727272727,2.8272789910984186,22,Guanyu Zhou,2014–present
856,2023,15.444444444444445,2.1278575558006176,9,Nyck de Vries,2014–present
857,2023,9.631578947368421,4.585127240640712,19,Oscar Piastri,2014–present
857,2024,5.125,3.111165027138058,24,Oscar Piastri,2014–present
858,2023,15.0,3.0,17,Logan Sargeant,2014–present
858,2024,16.666666666666668,2.534608929251695,12,Logan Sargeant,2014–present
859,2023,12.2,3.0331501776206204,5,Liam Lawson,2014–present
859,2024,13.5,3.6193922141707713,6,Liam Lawson,2014–present
861,2024,11.166666666666666,2.041241452319315,6,Franco Colapinto,2014–present
