year,constructorId,d1_dnf_rate,d2_dnf_rate,d1_starts,d2_starts,era,within_team_gap
1961,66,0.625,0.375,8.0,8.0,pre-1980,0.25
1962,26,0.4444444444444444,1.0,9.0,9.0,pre-1980,0.5555555555555556
1963,54,0.8888888888888888,0.875,9.0,8.0,pre-1980,0.01388888888888884
1963,92,1.0,1.0,7.0,7.0,pre-1980,0.0
1964,94,0.7142857142857143,0.2857142857142857,7.0,7.0,pre-1980,0.4285714285714286
1965,11,0.5,0.6666666666666666,8.0,6.0,pre-1980,0.16666666666666663
1966,191,0.42857142857142855,0.3333333333333333,7.0,9.0,pre-1980,0.09523809523809523
1969,6,0.8333333333333334,0.4,6.0,5.0,pre-1980,0.43333333333333335
1970,82,0.3076923076923077,0.5384615384615384,13.0,13.0,pre-1980,0.23076923076923073
1971,82,0.4,0.2857142857142857,10.0,7.0,pre-1980,0.11428571428571432
1973,6,0.2222222222222222,0.3,9.0,10.0,pre-1980,0.07777777777777778
1974,6,0.6,0.2,15.0,15.0,pre-1980,0.39999999999999997
1975,6,0.07142857142857142,0.42857142857142855,14.0,14.0,pre-1980,0.3571428571428571
1975,34,0.14285714285714285,0.6428571428571429,14.0,14.0,pre-1980,0.5
1975,202,0.8333333333333334,0.5714285714285714,12.0,14.0,pre-1980,0.261904761904762
1976,1,0.25,0.375,16.0,16.0,pre-1980,0.125
1977,32,0.5882352941176471,0.5882352941176471,17.0,17.0,pre-1980,0.0
1978,6,0.25,0.375,16.0,16.0,pre-1980,0.125
1978,21,0.5,0.5714285714285714,14.0,14.0,pre-1980,0.0714285714285714
1978,25,0.375,0.5,16.0,16.0,pre-1980,0.125
1979,1,0.7333333333333333,0.3333333333333333,15.0,15.0,pre-1980,0.39999999999999997
1979,3,0.4666666666666667,0.3333333333333333,15.0,15.0,pre-1980,0.13333333333333336
1979,4,0.6666666666666666,0.8,15.0,15.0,pre-1980,0.13333333333333341
1979,6,0.26666666666666666,0.13333333333333333,15.0,15.0,pre-1980,0.13333333333333333
1979,21,0.6,0.4,15.0,15.0,pre-1980,0.19999999999999996
1979,58,0.5333333333333333,0.5333333333333333,15.0,15.0,pre-1980,0.0
1979,59,0.875,0.8571428571428571,8.0,7.0,pre-1980,0.017857142857142905
1979,204,0.7692307692307693,0.8461538461538461,13.0,13.0,pre-1980,0.07692307692307687
1980,4,0.35714285714285715,0.8461538461538461,14.0,13.0,1980–1999,0.489010989010989
1980,6,0.5,0.35714285714285715,14.0,14.0,1980–1999,0.14285714285714285
1980,27,0.35714285714285715,0.42857142857142855,14.0,14.0,1980–1999,0.0714285714285714
1980,56,0.5,0.5714285714285714,14.0,14.0,1980–1999,0.0714285714285714
1981,1,0.6666666666666666,0.3333333333333333,15.0,15.0,1980–1999,0.3333333333333333
1981,3,0.26666666666666666,0.2,15.0,15.0,1980–1999,0.06666666666666665
1981,4,0.6,0.5333333333333333,15.0,15.0,1980–1999,0.06666666666666665
1981,6,0.4666666666666667,0.6,15.0,15.0,1980–1999,0.1333333333333333
1981,32,0.6666666666666666,0.3333333333333333,15.0,15.0,1980–1999,0.3333333333333333
1981,34,0.3333333333333333,0.6666666666666666,15.0,15.0,1980–1999,0.3333333333333333
1981,37,1.0,0.7333333333333333,5.0,15.0,1980–1999,0.2666666666666667
1981,51,0.5333333333333333,0.5333333333333333,15.0,15.0,1980–1999,0.0
1981,53,1.0,0.9166666666666666,12.0,12.0,1980–1999,0.08333333333333337
1981,55,0.2857142857142857,0.625,7.0,8.0,1980–1999,0.3392857142857143
1981,56,0.7857142857142857,0.8571428571428571,14.0,14.0,1980–1999,0.0714285714285714
1982,1,0.5,0.3333333333333333,14.0,15.0,1980–1999,0.16666666666666669
1982,4,0.625,0.6875,16.0,16.0,1980–1999,0.0625
1982,27,0.6666666666666666,0.7333333333333333,15.0,15.0,1980–1999,0.06666666666666665
1982,34,0.6666666666666666,0.7333333333333333,15.0,15.0,1980–1999,0.06666666666666665
1982,45,0.8125,1.0,16.0,8.0,1980–1999,0.1875
1982,51,0.75,0.5625,16.0,16.0,1980–1999,0.1875
1982,53,0.8571428571428571,1.0,14.0,14.0,1980–1999,0.1428571428571429
1982,54,0.75,0.6875,16.0,16.0,1980–1999,0.0625
1983,1,0.7333333333333333,0.4666666666666667,15.0,15.0,1980–1999,0.2666666666666666
1983,4,0.2,0.5333333333333333,15.0,15.0,1980–1999,0.3333333333333333
1983,6,0.26666666666666666,0.4,15.0,15.0,1980–1999,0.13333333333333336
1983,25,0.5333333333333333,0.5333333333333333,15.0,15.0,1980–1999,0.0
1983,27,0.6,0.6,15.0,15.0,1980–1999,0.0
1983,32,0.5333333333333333,0.8666666666666667,15.0,15.0,1980–1999,0.33333333333333337
1983,34,0.7333333333333333,0.3333333333333333,15.0,15.0,1980–1999,0.39999999999999997
1983,45,0.9333333333333333,0.9333333333333333,15.0,15.0,1980–1999,0.0
1983,51,0.6666666666666666,0.6666666666666666,15.0,15.0,1980–1999,0.0
1983,53,0.6,0.7333333333333333,15.0,15.0,1980–1999,0.1333333333333333
1983,55,0.5384615384615384,0.7142857142857143,13.0,14.0,1980–1999,0.17582417582417587
1984,1,0.3125,0.375,16.0,16.0,1980–1999,0.0625
1984,3,0.6875,0.75,16.0,16.0,1980–1999,0.0625
1984,6,0.5625,0.3125,16.0,16.0,1980–1999,0.25
1984,21,0.625,0.6875,16.0,16.0,1980–1999,0.0625
1984,27,0.625,0.6666666666666666,16.0,15.0,1980–1999,0.04166666666666663
1984,32,0.75,0.3125,16.0,16.0,1980–1999,0.4375
1984,45,0.75,0.75,16.0,8.0,1980–1999,0.0
1984,51,0.6875,0.875,16.0,16.0,1980–1999,0.1875
1984,52,0.75,0.5,8.0,8.0,1980–1999,0.25
1985,3,0.4375,0.5,16.0,16.0,1980–1999,0.0625
1985,21,0.4375,0.25,16.0,16.0,1980–1999,0.1875
1985,32,0.5625,0.3125,16.0,16.0,1980–1999,0.25
1985,45,0.625,0.7142857142857143,8.0,7.0,1980–1999,0.0892857142857143
1985,51,0.75,0.75,16.0,16.0,1980–1999,0.0
1985,53,1.0,0.9230769230769231,7.0,13.0,1980–1999,0.07692307692307687
1986,1,0.25,0.6875,16.0,16.0,1980–1999,0.4375
1986,3,0.25,0.25,16.0,16.0,1980–1999,0.0
1986,6,0.625,0.5,16.0,16.0,1980–1999,0.125
1986,18,0.9375,0.9333333333333333,16.0,15.0,1980–1999,0.004166666666666652
1986,22,0.5,0.6875,16.0,16.0,1980–1999,0.1875
1986,25,0.4375,0.5,16.0,16.0,1980–1999,0.0625
1986,32,0.4375,0.625,16.0,16.0,1980–1999,0.1875
1986,49,0.5625,0.8461538461538461,16.0,13.0,1980–1999,0.28365384615384615
1987,1,0.375,0.3125,16.0,16.0,1980–1999,0.0625
1987,6,0.5625,0.75,16.0,16.0,1980–1999,0.1875
1987,18,0.875,0.9375,16.0,16.0,1980–1999,0.0625
1987,21,0.6875,0.6875,16.0,16.0,1980–1999,0.0
1987,22,0.5,0.625,16.0,16.0,1980–1999,0.125
1987,25,0.1875,0.3125,16.0,16.0,1980–1999,0.125
1987,27,0.6,0.6666666666666666,15.0,15.0,1980–1999,0.06666666666666665
1987,32,0.25,0.4375,16.0,16.0,1980–1999,0.1875
1987,49,0.8125,0.625,16.0,16.0,1980–1999,0.1875
1988,1,0.1875,0.125,16.0,16.0,1980–1999,0.0625
1988,6,0.3125,0.5,16.0,16.0,1980–1999,0.1875
1988,21,0.375,0.5,16.0,16.0,1980–1999,0.125
1988,22,0.1875,0.5,16.0,16.0,1980–1999,0.3125
1988,25,0.8125,0.625,16.0,16.0,1980–1999,0.1875
1988,27,0.875,0.6875,16.0,16.0,1980–1999,0.1875
1988,32,0.4375,0.5,16.0,16.0,1980–1999,0.0625
1988,37,0.4375,0.5,16.0,16.0,1980–1999,0.0625
1988,44,0.6875,0.875,16.0,16.0,1980–1999,0.1875
1988,49,0.9333333333333333,0.875,15.0,16.0,1980–1999,0.05833333333333335
1989,1,0.5,0.1875,16.0,16.0,1980–1999,0.3125
1989,3,0.375,0.375,16.0,16.0,1980–1999,0.0
1989,6,0.8,0.6,15.0,15.0,1980–1999,0.20000000000000007
1989,27,0.6875,0.625,16.0,16.0,1980–1999,0.0625
1989,32,0.5,0.75,16.0,16.0,1980–1999,0.25
1989,34,0.5625,0.6875,16.0,16.0,1980–1999,0.125
1989,35,0.4375,0.625,16.0,16.0,1980–1999,0.1875
1989,37,0.875,0.6875,16.0,16.0,1980–1999,0.1875
1989,44,1.0,1.0,11.0,5.0,1980–1999,0.0
1989,45,1.0,1.0,16.0,16.0,1980–1999,0.0
1989,49,1.0,1.0,16.0,15.0,1980–1999,0.0
1990,1,0.3125,0.3125,16.0,16.0,1980–1999,0.0
1990,3,0.3125,0.375,16.0,16.0,1980–1999,0.0625
1990,6,0.5625,0.25,16.0,16.0,1980–1999,0.3125
1990,25,0.4375,0.6875,16.0,16.0,1980–1999,0.25
1990,27,0.1875,0.4375,16.0,16.0,1980–1999,0.25
1990,33,0.6875,0.5625,16.0,16.0,1980–1999,0.125
1990,39,0.9375,0.875,16.0,16.0,1980–1999,0.0625
1990,41,0.75,0.6875,16.0,16.0,1980–1999,0.0625
1990,44,0.9285714285714286,1.0,14.0,14.0,1980–1999,0.0714285714285714
1991,1,0.4375,0.1875,16.0,16.0,1980–1999,0.25
1991,3,0.4375,0.3125,16.0,16.0,1980–1999,0.125
1991,25,0.4375,0.5625,16.0,16.0,1980–1999,0.125
1991,26,1.0,0.8461538461538461,13.0,13.0,1980–1999,0.15384615384615385
1991,27,0.5,0.4375,16.0,16.0,1980–1999,0.0625
1991,34,0.4375,0.6875,16.0,16.0,1980–1999,0.25
1991,35,0.6875,0.4375,16.0,16.0,1980–1999,0.25
1991,40,0.8125,1.0,16.0,16.0,1980–1999,0.1875
1992,1,0.375,0.5,16.0,16.0,1980–1999,0.125
1992,3,0.25,0.375,16.0,16.0,1980–1999,0.125
1992,17,0.6875,0.75,16.0,16.0,1980–1999,0.0625
1992,22,0.25,0.3125,16.0,16.0,1980–1999,0.0625
1992,25,0.5625,0.75,16.0,16.0,1980–1999,0.1875
1992,27,0.5,0.5625,16.0,16.0,1980–1999,0.0625
1992,29,0.4375,0.125,16.0,16.0,1980–1999,0.3125
1992,32,0.4375,0.75,16.0,16.0,1980–1999,0.3125
1992,33,0.6875,0.8125,16.0,16.0,1980–1999,0.125
1992,35,0.5,0.4375,16.0,16.0,1980–1999,0.0625
1992,38,1.0,1.0,8.0,7.0,1980–1999,0.0
1993,3,0.3125,0.125,16.0,16.0,1980–1999,0.1875
1993,6,0.5625,0.625,16.0,16.0,1980–1999,0.0625
1993,15,0.625,0.625,16.0,16.0,1980–1999,0.0
1993,22,0.4375,0.5,16.0,16.0,1980–1999,0.0625
1993,25,0.6875,0.6875,16.0,16.0,1980–1999,0.0
1993,26,0.5714285714285714,0.7142857142857143,14.0,14.0,1980–1999,0.1428571428571429
1993,27,0.4375,0.5,16.0,16.0,1980–1999,0.0625
1993,29,0.6875,0.5,16.0,16.0,1980–1999,0.1875
1994,18,0.4375,0.625,16.0,16.0,1980–1999,0.1875
1994,25,0.75,0.625,16.0,16.0,1980–1999,0.125
1994,29,0.75,0.5,16.0,16.0,1980–1999,0.25
1994,30,1.0,1.0,16.0,16.0,1980–1999,0.0
1995,3,0.47058823529411764,0.4117647058823529,17.0,17.0,1980–1999,0.05882352941176472
1995,6,0.47058823529411764,0.4117647058823529,17.0,17.0,1980–1999,0.05882352941176472
1995,17,0.5882352941176471,0.47058823529411764,17.0,17.0,1980–1999,0.11764705882352944
1995,22,0.29411764705882354,0.23529411764705882,17.0,17.0,1980–1999,0.05882352941176472
1995,28,0.5294117647058824,0.7647058823529411,17.0,17.0,1980–1999,0.23529411764705876
1995,31,0.8,0.6,5.0,5.0,1980–1999,0.20000000000000007
1996,1,0.4375,0.3125,16.0,16.0,1980–1999,0.125
1996,3,0.25,0.25,16.0,16.0,1980–1999,0.0
1996,6,0.4375,0.6875,16.0,16.0,1980–1999,0.25
1996,15,0.625,0.5625,16.0,16.0,1980–1999,0.0625
1996,17,0.4375,0.5,16.0,16.0,1980–1999,0.0625
1996,22,0.3125,0.5,16.0,16.0,1980–1999,0.1875
1996,25,0.5625,0.625,16.0,16.0,1980–1999,0.0625
1996,27,0.4375,0.625,16.0,16.0,1980–1999,0.1875
1996,28,0.8,0.9,10.0,10.0,1980–1999,0.09999999999999998
1996,29,0.75,0.5,16.0,16.0,1980–1999,0.25
1997,1,0.5294117647058824,0.47058823529411764,17.0,17.0,1980–1999,0.05882352941176472
1997,3,0.35294117647058826,0.35294117647058826,17.0,17.0,1980–1999,0.0
1997,6,0.23529411764705882,0.4117647058823529,17.0,17.0,1980–1999,0.1764705882352941
1997,17,0.23529411764705882,0.5882352941176471,17.0,17.0,1980–1999,0.35294117647058826
1997,21,0.6470588235294118,0.47058823529411764,17.0,17.0,1980–1999,0.17647058823529416
1997,24,0.8823529411764706,0.7647058823529411,17.0,17.0,1980–1999,0.11764705882352944
1997,25,0.5294117647058824,0.5294117647058824,17.0,17.0,1980–1999,0.0
1998,1,0.25,0.1875,16.0,16.0,1980–1999,0.0625
1998,3,0.1875,0.3125,16.0,16.0,1980–1999,0.125
1998,6,0.1875,0.1875,16.0,16.0,1980–1999,0.0
1998,15,0.3125,0.5625,16.0,16.0,1980–1999,0.25
1998,17,0.4375,0.375,16.0,16.0,1980–1999,0.0625
1998,18,0.75,0.4375,16.0,16.0,1980–1999,0.3125
1998,20,0.5625,0.5,16.0,16.0,1980–1999,0.0625
1998,21,0.6875,0.6875,16.0,16.0,1980–1999,0.0
1998,22,0.3125,0.3125,16.0,16.0,1980–1999,0.0
1998,25,0.5,0.6923076923076923,16.0,13.0,1980–1999,0.1923076923076923
1999,1,0.4375,0.3125,16.0,16.0,1980–1999,0.125
1999,3,0.25,0.6875,16.0,16.0,1980–1999,0.4375
1999,15,0.5625,0.75,16.0,16.0,1980–1999,0.1875
1999,17,0.3125,0.5625,16.0,16.0,1980–1999,0.25
1999,20,0.5,0.4375,16.0,16.0,1980–1999,0.0625
1999,21,0.6875,0.75,16.0,16.0,1980–1999,0.0625
1999,22,0.5,0.375,16.0,16.0,1980–1999,0.125
1999,24,0.375,0.5625,16.0,16.0,1980–1999,0.1875
2000,1,0.17647058823529413,0.17647058823529413,17.0,17.0,2000–2013,0.0
2000,3,0.47058823529411764,0.47058823529411764,17.0,17.0,2000–2013,0.0
2000,6,0.23529411764705882,0.23529411764705882,17.0,17.0,2000–2013,0.0
2000,15,0.29411764705882354,0.4117647058823529,17.0,17.0,2000–2013,0.11764705882352938
2000,16,0.29411764705882354,0.4117647058823529,17.0,17.0,2000–2013,0.11764705882352938
2000,17,0.47058823529411764,0.5882352941176471,17.0,17.0,2000–2013,0.11764705882352944
2000,18,0.47058823529411764,0.35294117647058826,17.0,17.0,2000–2013,0.11764705882352938
2000,20,0.6875,0.7058823529411765,16.0,17.0,2000–2013,0.018382352941176516
2000,21,0.6470588235294118,0.5882352941176471,17.0,17.0,2000–2013,0.05882352941176472
2000,22,0.29411764705882354,0.35294117647058826,17.0,17.0,2000–2013,0.05882352941176472
2001,1,0.23529411764705882,0.47058823529411764,17.0,17.0,2000–2013,0.23529411764705882
2001,3,0.4117647058823529,0.6470588235294118,17.0,17.0,2000–2013,0.23529411764705888
2001,6,0.23529411764705882,0.11764705882352941,17.0,17.0,2000–2013,0.11764705882352941
2001,15,0.35294117647058826,0.4117647058823529,17.0,17.0,2000–2013,0.05882352941176466
2001,16,0.35294117647058826,0.35294117647058826,17.0,17.0,2000–2013,0.0
2001,21,0.35294117647058826,0.5882352941176471,17.0,17.0,2000–2013,0.23529411764705882
2001,22,0.4117647058823529,0.4117647058823529,17.0,17.0,2000–2013,0.0
2002,1,0.6470588235294118,0.23529411764705882,17.0,17.0,2000–2013,0.411764705882353
2002,3,0.29411764705882354,0.23529411764705882,17.0,17.0,2000–2013,0.05882352941176472
2002,4,0.5882352941176471,0.47058823529411764,17.0,17.0,2000–2013,0.11764705882352944
2002,6,0.29411764705882354,0.0,17.0,17.0,2000–2013,0.29411764705882354
2002,7,0.35294117647058826,0.5882352941176471,17.0,17.0,2000–2013,0.23529411764705882
2002,16,0.47058823529411764,0.6470588235294118,17.0,17.0,2000–2013,0.17647058823529416
2002,17,0.4117647058823529,0.5294117647058824,17.0,17.0,2000–2013,0.11764705882352944
2002,19,0.5294117647058824,0.5882352941176471,17.0,17.0,2000–2013,0.05882352941176472
2002,21,0.5,0.8333333333333334,12.0,12.0,2000–2013,0.33333333333333337
2003,1,0.1875,0.3125,16.0,16.0,2000–2013,0.125
2003,4,0.3125,0.3125,16.0,16.0,2000–2013,0.0
2003,6,0.3125,0.0625,16.0,16.0,2000–2013,0.25
2003,7,0.1875,0.5625,16.0,16.0,2000–2013,0.375
2003,15,0.25,0.4375,16.0,16.0,2000–2013,0.1875
2004,1,0.4444444444444444,0.2222222222222222,18.0,18.0,2000–2013,0.2222222222222222
2004,6,0.05555555555555555,0.05555555555555555,18.0,18.0,2000–2013,0.0
2004,15,0.2222222222222222,0.05555555555555555,18.0,18.0,2000–2013,0.16666666666666666
2004,16,0.3333333333333333,0.16666666666666666,18.0,18.0,2000–2013,0.16666666666666666
2004,18,0.5,0.3888888888888889,18.0,18.0,2000–2013,0.1111111111111111
2004,19,0.4444444444444444,0.2222222222222222,18.0,18.0,2000–2013,0.2222222222222222
2005,4,0.10526315789473684,0.3157894736842105,19.0,19.0,2000–2013,0.21052631578947367
2005,6,0.10526315789473684,0.3157894736842105,19.0,19.0,2000–2013,0.21052631578947367
2005,15,0.21052631578947367,0.2631578947368421,19.0,19.0,2000–2013,0.05263157894736842
2005,17,0.05263157894736842,0.2631578947368421,19.0,19.0,2000–2013,0.21052631578947367
2006,3,0.5,0.6111111111111112,18.0,18.0,2000–2013,0.11111111111111116
2006,4,0.1111111111111111,0.1111111111111111,18.0,18.0,2000–2013,0.0
2006,5,0.2777777777777778,0.2777777777777778,18.0,18.0,2000–2013,0.0
2006,6,0.1111111111111111,0.16666666666666666,18.0,18.0,2000–2013,0.05555555555555555
2006,7,0.3888888888888889,0.3333333333333333,18.0,18.0,2000–2013,0.05555555555555558
2006,11,0.2222222222222222,0.16666666666666666,18.0,18.0,2000–2013,0.05555555555555555
2006,13,0.5,0.35714285714285715,14.0,14.0,2000–2013,0.14285714285714285
2007,1,0.058823529411764705,0.058823529411764705,17.0,17.0,2000–2013,0.0
2007,4,0.11764705882352941,0.17647058823529413,17.0,17.0,2000–2013,0.05882352941176472
2007,6,0.11764705882352941,0.11764705882352941,17.0,17.0,2000–2013,0.0
2007,7,0.23529411764705882,0.35294117647058826,17.0,17.0,2000–2013,0.11764705882352944
2007,8,0.23529411764705882,0.35294117647058826,17.0,17.0,2000–2013,0.11764705882352944
2007,9,0.4117647058823529,0.4117647058823529,17.0,17.0,2000–2013,0.0
2007,11,0.4117647058823529,0.11764705882352941,17.0,17.0,2000–2013,0.2941176470588235
2008,1,0.05555555555555555,0.2222222222222222,18.0,18.0,2000–2013,0.16666666666666666
2008,2,0.0,0.1111111111111111,18.0,18.0,2000–2013,0.1111111111111111
2008,3,0.1111111111111111,0.1111111111111111,18.0,18.0,2000–2013,0.0
2008,4,0.16666666666666666,0.5,18.0,18.0,2000–2013,0.33333333333333337
2008,5,0.2777777777777778,0.3333333333333333,18.0,18.0,2000–2013,0.055555555555555525
2008,6,0.2777777777777778,0.16666666666666666,18.0,18.0,2000–2013,0.11111111111111113
2008,7,0.2222222222222222,0.16666666666666666,18.0,18.0,2000–2013,0.05555555555555555
2008,9,0.2777777777777778,0.16666666666666666,18.0,18.0,2000–2013,0.11111111111111113
2008,10,0.6111111111111112,0.3888888888888889,18.0,18.0,2000–2013,0.22222222222222227
2008,11,0.2222222222222222,0.2777777777777778,18.0,18.0,2000–2013,0.05555555555555558
2009,1,0.23529411764705882,0.29411764705882354,17.0,17.0,2000–2013,0.05882352941176472
2009,2,0.11764705882352941,0.23529411764705882,17.0,17.0,2000–2013,0.11764705882352941
2009,3,0.058823529411764705,0.29411764705882354,17.0,17.0,2000–2013,0.23529411764705882
2009,9,0.11764705882352941,0.29411764705882354,17.0,17.0,2000–2013,0.17647058823529413
2009,23,0.058823529411764705,0.058823529411764705,17.0,17.0,2000–2013,0.0
2010,1,0.21052631578947367,0.10526315789473684,19.0,19.0,2000–2013,0.10526315789473684
2010,3,0.10526315789473684,0.21052631578947367,19.0,19.0,2000–2013,0.10526315789473684
2010,4,0.15789473684210525,0.3157894736842105,19.0,19.0,2000–2013,0.15789473684210525
2010,5,0.3157894736842105,0.10526315789473684,19.0,19.0,2000–2013,0.21052631578947367
2010,6,0.10526315789473684,0.05263157894736842,19.0,19.0,2000–2013,0.05263157894736842
2010,9,0.10526315789473684,0.15789473684210525,19.0,19.0,2000–2013,0.05263157894736842
2010,10,0.21052631578947367,0.3684210526315789,19.0,19.0,2000–2013,0.15789473684210525
2010,131,0.15789473684210525,0.10526315789473684,19.0,19.0,2000–2013,0.05263157894736842
2010,166,0.47368421052631576,0.42105263157894735,19.0,19.0,2000–2013,0.05263157894736842
2010,205,0.3157894736842105,0.5789473684210527,19.0,19.0,2000–2013,0.26315789473684215
2011,1,0.15789473684210525,0.10526315789473684,19.0,19.0,2000–2013,0.05263157894736842
2011,3,0.15789473684210525,0.3684210526315789,19.0,19.0,2000–2013,0.21052631578947367
2011,5,0.2631578947368421,0.21052631578947367,19.0,19.0,2000–2013,0.05263157894736842
2011,6,0.05263157894736842,0.15789473684210525,19.0,19.0,2000–2013,0.10526315789473684
2011,9,0.05263157894736842,0.05263157894736842,19.0,19.0,2000–2013,0.0
2011,10,0.10526315789473684,0.10526315789473684,19.0,19.0,2000–2013,0.0
2011,131,0.10526315789473684,0.2631578947368421,19.0,19.0,2000–2013,0.15789473684210525
2011,166,0.2631578947368421,0.15789473684210525,19.0,19.0,2000–2013,0.10526315789473684
2012,1,0.3,0.2,20.0,20.0,2000–2013,0.09999999999999998
2012,3,0.25,0.35,20.0,20.0,2000–2013,0.09999999999999998
2012,5,0.05,0.2,20.0,20.0,2000–2013,0.15000000000000002
2012,6,0.1,0.05,20.0,20.0,2000–2013,0.05
2012,9,0.15,0.1,20.0,20.0,2000–2013,0.04999999999999999
2012,10,0.15,0.1,20.0,20.0,2000–2013,0.04999999999999999
2012,15,0.2,0.3,20.0,20.0,2000–2013,0.09999999999999998
2012,131,0.15,0.35,20.0,20.0,2000–2013,0.19999999999999998
2012,164,0.25,0.4,20.0,20.0,2000–2013,0.15000000000000002
2012,206,0.1,0.25,20.0,20.0,2000–2013,0.15
2012,207,0.05,0.15,20.0,20.0,2000–2013,0.09999999999999999
2013,1,0.05263157894736842,0.10526315789473684,19.0,19.0,2000–2013,0.05263157894736842
2013,3,0.15789473684210525,0.10526315789473684,19.0,19.0,2000–2013,0.05263157894736842
2013,5,0.21052631578947367,0.2631578947368421,19.0,19.0,2000–2013,0.05263157894736842
2013,6,0.05263157894736842,0.10526315789473684,19.0,19.0,2000–2013,0.05263157894736842
2013,9,0.21052631578947367,0.05263157894736842,19.0,19.0,2000–2013,0.15789473684210525
2013,10,0.2631578947368421,0.3157894736842105,19.0,19.0,2000–2013,0.05263157894736842
2013,15,0.15789473684210525,0.15789473684210525,19.0,19.0,2000–2013,0.0
2013,131,0.05263157894736842,0.15789473684210525,19.0,19.0,2000–2013,0.10526315789473684
2013,206,0.0,0.15789473684210525,19.0,19.0,2000–2013,0.15789473684210525
2013,207,0.21052631578947367,0.21052631578947367,19.0,19.0,2000–2013,0.0
2014,1,0.10526315789473684,0.05263157894736842,19.0,19.0,2014–present,0.05263157894736842
2014,3,0.21052631578947367,0.05263157894736842,19.0,19.0,2014–present,0.15789473684210525
2014,5,0.2631578947368421,0.2631578947368421,19.0,19.0,2014–present,0.0
2014,6,0.10526315789473684,0.05263157894736842,19.0,19.0,2014–present,0.05263157894736842
2014,9,0.15789473684210525,0.15789473684210525,19.0,19.0,2014–present,0.0
2014,10,0.10526315789473684,0.2631578947368421,19.0,19.0,2014–present,0.15789473684210525
2014,15,0.42105263157894735,0.3684210526315789,19.0,19.0,2014–present,0.05263157894736842
2014,131,0.15789473684210525,0.10526315789473684,19.0,19.0,2014–present,0.05263157894736842
2014,206,0.1875,0.26666666666666666,16.0,15.0,2014–present,0.07916666666666666
2014,208,0.3157894736842105,0.3157894736842105,19.0,19.0,2014–present,0.0
2015,3,0.15789473684210525,0.21052631578947367,19.0,19.0,2014–present,0.05263157894736842
2015,5,0.2631578947368421,0.3684210526315789,19.0,19.0,2014–present,0.10526315789473684
2015,6,0.2631578947368421,0.10526315789473684,19.0,19.0,2014–present,0.15789473684210525
2015,9,0.15789473684210525,0.15789473684210525,19.0,19.0,2014–present,0.0
2015,10,0.3157894736842105,0.05263157894736842,19.0,19.0,2014–present,0.2631578947368421
2015,15,0.15789473684210525,0.15789473684210525,19.0,19.0,2014–present,0.0
2015,131,0.05263157894736842,0.05263157894736842,19.0,19.0,2014–present,0.0
2015,208,0.3684210526315789,0.47368421052631576,19.0,19.0,2014–present,0.10526315789473684
2016,3,0.19047619047619047,0.09523809523809523,21.0,21.0,2014–present,0.09523809523809523
2016,4,0.23809523809523808,0.2857142857142857,21.0,21.0,2014–present,0.047619047619047616
2016,6,0.19047619047619047,0.19047619047619047,21.0,21.0,2014–present,0.0
2016,10,0.23809523809523808,0.047619047619047616,21.0,21.0,2014–present,0.19047619047619047
2016,15,0.23809523809523808,0.19047619047619047,21.0,21.0,2014–present,0.047619047619047616
2016,131,0.09523809523809523,0.047619047619047616,21.0,21.0,2014–present,0.047619047619047616
2016,210,0.23809523809523808,0.23809523809523808,21.0,21.0,2014–present,0.0
2017,6,0.2,0.1,20.0,20.0,2014–present,0.1
2017,9,0.3,0.35,20.0,20.0,2014–present,0.04999999999999999
2017,10,0.1,0.05,20.0,20.0,2014–present,0.05
2017,131,0.0,0.05,20.0,20.0,2014–present,0.05
2017,210,0.15,0.25,20.0,20.0,2014–present,0.1
2018,1,0.38095238095238093,0.14285714285714285,21.0,21.0,2014–present,0.23809523809523808
2018,3,0.14285714285714285,0.14285714285714285,21.0,21.0,2014–present,0.0
2018,4,0.3333333333333333,0.09523809523809523,21.0,21.0,2014–present,0.23809523809523808
2018,5,0.23809523809523808,0.3333333333333333,21.0,21.0,2014–present,0.09523809523809523
2018,6,0.19047619047619047,0.047619047619047616,21.0,21.0,2014–present,0.14285714285714285
2018,9,0.38095238095238093,0.19047619047619047,21.0,21.0,2014–present,0.19047619047619047
2018,10,0.09523809523809523,0.2857142857142857,21.0,21.0,2014–present,0.19047619047619047
2018,15,0.19047619047619047,0.2857142857142857,21.0,21.0,2014–present,0.09523809523809523
2018,131,0.047619047619047616,0.09523809523809523,21.0,21.0,2014–present,0.047619047619047616
2018,210,0.2857142857142857,0.14285714285714285,21.0,21.0,2014–present,0.14285714285714285
2019,1,0.19047619047619047,0.2857142857142857,21.0,21.0,2014–present,0.09523809523809523
2019,3,0.09523809523809523,0.09523809523809523,21.0,21.0,2014–present,0.0
2019,4,0.19047619047619047,0.2857142857142857,21.0,21.0,2014–present,0.09523809523809523
2019,6,0.14285714285714285,0.14285714285714285,21.0,21.0,2014–present,0.0
2019,51,0.09523809523809523,0.09523809523809523,21.0,21.0,2014–present,0.0
2019,131,0.0,0.09523809523809523,21.0,21.0,2014–present,0.09523809523809523
2019,210,0.3333333333333333,0.14285714285714285,21.0,21.0,2014–present,0.19047619047619047
2019,211,0.09523809523809523,0.14285714285714285,21.0,21.0,2014–present,0.047619047619047616
2020,1,0.17647058823529413,0.058823529411764705,17.0,17.0,2014–present,0.11764705882352942
2020,4,0.058823529411764705,0.23529411764705882,17.0,17.0,2014–present,0.1764705882352941
2020,6,0.11764705882352941,0.23529411764705882,17.0,17.0,2014–present,0.11764705882352941
2020,9,0.29411764705882354,0.11764705882352941,17.0,17.0,2014–present,0.17647058823529413
2020,51,0.058823529411764705,0.17647058823529413,17.0,17.0,2014–present,0.11764705882352942
2020,213,0.11764705882352941,0.17647058823529413,17.0,17.0,2014–present,0.05882352941176472
2021,1,0.045454545454545456,0.045454545454545456,22.0,22.0,2014–present,0.0
2021,3,0.2727272727272727,0.22727272727272727,22.0,22.0,2014–present,0.04545454545454544
2021,6,0.0,0.09090909090909091,22.0,22.0,2014–present,0.09090909090909091
2021,9,0.13636363636363635,0.13636363636363635,22.0,22.0,2014–present,0.0
2021,117,0.22727272727272727,0.13636363636363635,22.0,22.0,2014–present,0.09090909090909091
2021,131,0.045454545454545456,0.18181818181818182,22.0,22.0,2014–present,0.13636363636363635
2021,210,0.2727272727272727,0.13636363636363635,22.0,22.0,2014–present,0.13636363636363635
2021,213,0.18181818181818182,0.18181818181818182,22.0,22.0,2014–present,0.0
2021,214,0.09090909090909091,0.13636363636363635,22.0,22.0,2014–present,0.04545454545454544
2022,1,0.13636363636363635,0.09090909090909091,22.0,22.0,2014–present,0.04545454545454544
2022,6,0.2727272727272727,0.13636363636363635,22.0,22.0,2014–present,0.13636363636363635
2022,9,0.13636363636363635,0.09090909090909091,22.0,22.0,2014–present,0.04545454545454544
2022,51,0.2727272727272727,0.22727272727272727,22.0,22.0,2014–present,0.04545454545454544
2022,131,0.09090909090909091,0.045454545454545456,22.0,22.0,2014–present,0.045454545454545456
2022,210,0.22727272727272727,0.13636363636363635,22.0,22.0,2014–present,0.09090909090909091
2022,213,0.13636363636363635,0.2727272727272727,22.0,22.0,2014–present,0.13636363636363635
2022,214,0.2727272727272727,0.09090909090909091,22.0,22.0,2014–present,0.1818181818181818
2023,1,0.045454545454545456,0.13636363636363635,22.0,22.0,2014–present,0.0909090909090909
2023,3,0.18181818181818182,0.3181818181818182,22.0,22.0,2014–present,0.13636363636363635
2023,6,0.13636363636363635,0.22727272727272727,22.0,22.0,2014–present,0.09090909090909091
2023,9,0.09090909090909091,0.0,22.0,22.0,2014–present,0.09090909090909091
2023,51,0.13636363636363635,0.13636363636363635,22.0,22.0,2014–present,0.0
2023,117,0.09090909090909091,0.22727272727272727,22.0,22.0,2014–present,0.13636363636363635
2023,131,0.09090909090909091,0.18181818181818182,22.0,22.0,2014–present,0.09090909090909091
2023,210,0.09090909090909091,0.22727272727272727,22.0,22.0,2014–present,0.13636363636363635
2023,214,0.3181818181818182,0.13636363636363635,22.0,22.0,2014–present,0.18181818181818182
2024,1,0.0,0.0,24.0,24.0,2014–present,0.0
2024,9,0.20833333333333334,0.041666666666666664,24.0,24.0,2014–present,0.16666666666666669
2024,15,0.08333333333333333,0.08333333333333333,24.0,24.0,2014–present,0.0
2024,117,0.041666666666666664,0.16666666666666666,24.0,24.0,2014–present,0.125
2024,131,0.08333333333333333,0.125,24.0,24.0,2014–present,0.04166666666666667
